user_id,recomendations
1,"[874972, 1132231, 1131321, 940947, 1062002]"
2,"[874972, 7167853, 960791, 947798, 1053690]"
3,"[874972, 908531, 1130858, 13842214, 1133018]"
6,"[874972, 960791, 1016276, 1119051, 986912]"
7,"[14106445, 856345, 10121610, 5591154, 1122358]"
8,"[874972, 850058, 909714, 825994, 1026209]"
9,"[874972, 918046, 995242, 1082185, 1029743]"
10,"[874972, 986912, 1043766, 1106523, 1082185]"
13,"[874972, 8090539, 6464165, 1038985, 1014238]"
14,"[9835223, 921836, 928049, 985893, 959985]"
15,"[874972, 1098844, 1127179, 1070820, 901666]"
16,"[874972, 12263788, 1082185, 1029743, 995242]"
18,"[878715, 904813, 9878513, 9677886, 1053628]"
19,"[874972, 893501, 840227, 962229, 999104]"
20,"[874972, 892264, 897954, 1126899, 1075368]"
21,"[874972, 947798, 1058997, 934697, 6979579]"
22,"[1048257, 881047, 859427, 944836, 1070820]"
23,"[1034176, 12648296, 1082185, 1029743, 995242]"
24,"[844462, 914318, 1101174, 1036501, 1082172]"
25,"[874972, 1074524, 1043751, 929018, 8090521]"
26,"[874972, 834158, 1081189, 905072, 1106301]"
27,"[874972, 986912, 1002558, 1082185, 963686]"
28,"[948670, 1119051, 921836, 943233, 1005493]"
29,"[874972, 1082185, 1029743, 995242, 1106523]"
30,"[874972, 995242, 1082185, 1029743, 995242]"
31,"[860248, 1082990, 1127232, 1126899, 898847]"
32,"[874972, 10285141, 1058997, 1009449, 992986]"
33,"[836445, 1106301, 5981267, 1077048, 8357613]"
34,"[874972, 1101010, 952317, 1044805, 993638]"
35,"[874972, 1053690, 1082185, 1029743, 995242]"
36,"[874972, 997988, 891752, 962229, 1067779]"
37,"[874972, 9487603, 904813, 1067695, 1122358]"
39,"[874972, 1121656, 12782182, 1127716, 6602697]"
40,"[874972, 5568228, 991435, 1076587, 1083043]"
41,"[874972, 845307, 865705, 1082185, 909714]"
42,"[874972, 963686, 928123, 1031087, 839656]"
43,"[874972, 1095068, 873178, 1082185, 1029743]"
46,"[1108094, 5572738, 902856, 8090532, 999104]"
47,"[9677366, 1040935, 1126252, 9487606, 1082185]"
49,"[1000753, 6602697, 825365, 862349, 862732]"
50,"[874972, 1093603, 1127624, 962229, 1097239]"
51,"[874972, 1088147, 880427, 867469, 1072523]"
52,"[874972, 898847, 1093113, 5569230, 1106523]"
53,"[874972, 825882, 1097418, 5569471, 6034857]"
55,"[874972, 1078763, 899624, 844165, 13008334]"
56,"[904997, 1119051, 922561, 1058997, 900586]"
57,"[874972, 9676866, 1065593, 1074524, 854852]"
58,"[874972, 10457044, 1048068, 915493, 1070820]"
59,"[874972, 937928, 948232, 1133018, 826385]"
62,"[874972, 1082185, 1029743, 995242, 1106523]"
63,"[874972, 847344, 1082185, 1029743, 995242]"
64,"[982469, 996425, 8019716, 1065593, 1138189]"
65,"[874972, 1118281, 5568378, 986912, 965766]"
67,"[12810391, 926905, 871754, 1122889, 971922]"
68,"[874972, 1131550, 941741, 947798, 879755]"
69,"[874972, 842707, 1043663, 960253, 1044188]"
70,"[874972, 1039156, 1082185, 1029743, 995242]"
71,"[874972, 13841744, 865511, 926905, 1056509]"
72,"[874972, 1082185, 1029743, 995242, 1106523]"
75,"[874972, 1082185, 1029743, 995242, 1106523]"
77,"[874972, 879506, 1127758, 1126899, 6979128]"
78,"[874972, 6533681, 12262992, 995055, 5995609]"
79,"[874972, 921504, 15926886, 862349, 1053690]"
80,"[874972, 978974, 1130458, 986912, 953180]"
81,"[874972, 840601, 913490, 995242, 1000050]"
82,"[874972, 929726, 1119761, 1082185, 1029743]"
83,"[874972, 1075214, 1082185, 1029743, 995242]"
84,"[874972, 1079292, 830887, 1082185, 1029743]"
85,"[14106445, 887219, 829852, 1139782, 1079987]"
86,"[874972, 971922, 1101010, 1106523, 951590]"
87,"[874972, 965963, 8293385, 1082185, 1029743]"
88,"[874972, 1070820, 831063, 8090521, 5565925]"
90,"[874972, 923789, 923149, 1070820, 862535]"
91,"[874972, 1088147, 1029743, 873203, 1113667]"
92,"[874972, 1080853, 6979005, 1070463, 900802]"
94,"[874972, 1076580, 1077555, 826144, 1013641]"
95,"[874972, 835279, 910673, 922561, 8090519]"
97,"[874972, 831063, 952408, 1075368, 1099164]"
98,"[874972, 1058997, 879755, 1091858, 1012913]"
99,"[874972, 898601, 940947, 916993, 12782182]"
100,"[863762, 5995597, 1111786, 1116096, 922907]"
101,"[12731432, 862349, 821083, 8090521, 1056509]"
103,"[874972, 1082185, 1029743, 995242, 1106523]"
104,"[906335, 1069003, 1036501, 907631, 8090536]"
105,"[874972, 960253, 1056762, 879755, 849003]"
106,"[874972, 1093413, 965842, 8090521, 1119051]"
107,"[874972, 916381, 1037840, 1082185, 1029743]"
109,"[874972, 13842214, 919535, 1046756, 824005]"
110,"[874972, 1021715, 9836460, 844165, 1127758]"
111,"[874972, 8090536, 840601, 12811532, 6602327]"
112,"[874972, 7168026, 1082185, 1029743, 995242]"
113,"[874972, 8203451, 855356, 1070820, 833458]"
114,"[874972, 1116096, 925425, 5568489, 7167687]"
115,"[947858, 12731714, 7410290, 1093966, 1058997]"
116,"[874972, 850058, 923746, 1037863, 1082185]"
117,"[874972, 1019643, 9420312, 962229, 1135460]"
118,"[874972, 9803601, 1023196, 1058997, 9911484]"
119,"[874972, 999581, 960732, 1131488, 940947]"
121,"[874972, 856060, 880895, 8090537, 1035676]"
122,"[874972, 1035676, 9419525, 7409971, 1053176]"
123,"[874972, 8090509, 852080, 862822, 1044805]"
124,"[874972, 12263788, 1035676, 833025, 844179]"
125,"[14106445, 9884484, 824005, 868764, 856252]"
126,"[874972, 1019247, 898068, 962185, 1082185]"
127,"[874972, 9333734, 1133877, 1075368, 13842214]"
128,"[874972, 962568, 847241, 1082185, 1015296]"
131,"[874972, 1048068, 942778, 1026209, 1075214]"
132,"[874972, 1084968, 891906, 1126899, 5587938]"
133,"[874972, 5582712, 6514160, 6513604, 870515]"
134,"[874972, 6533362, 862682, 862335, 838186]"
135,"[874972, 879876, 852360, 1082185, 1029743]"
136,"[874972, 6034966, 962568, 8090537, 944466]"
138,"[874972, 1009449, 912137, 5569230, 9836106]"
139,"[12262830, 5569471, 916381, 1107553, 1058997]"
140,"[874972, 832678, 914190, 951821, 5591083]"
141,"[874972, 1048472, 1108854, 1082185, 1029743]"
142,"[874972, 1138772, 1055072, 1074524, 1013826]"
143,"[874972, 978077, 1127758, 1106523, 1038217]"
146,"[874972, 893867, 1127470, 1092149, 1109948]"
151,"[874972, 1005456, 1126252, 1028473, 5569230]"
153,"[874972, 909750, 911502, 1062128, 10285243]"
156,"[874972, 1057260, 5591154, 976214, 5567502]"
157,"[874972, 916122, 1126899, 1083446, 948832]"
158,"[874972, 834826, 1082185, 862349, 12731714]"
159,"[874972, 1106301, 1087102, 9420312, 1050851]"
160,"[899019, 900586, 960253, 862349, 1101010]"
161,"[917384, 1119051, 6034964, 868764, 9677202]"
162,"[874972, 894447, 929605, 1070820, 902856]"
164,"[874972, 1127624, 888054, 1092026, 908283]"
166,"[874972, 995242, 1023196, 1053690, 1096635]"
167,"[874972, 953180, 1009046, 1082185, 1029743]"
168,"[874972, 921504, 1004906, 1018050, 1029743]"
169,"[874972, 12757316, 1037894, 1099164, 1082185]"
171,"[874972, 9913338, 907625, 1082185, 1029743]"
172,"[874972, 1082185, 1029743, 995242, 1106523]"
174,"[874972, 973693, 900586, 1085983, 5574409]"
178,"[874972, 1110572, 1039156, 963686, 949023]"
183,"[874972, 1082185, 1029743, 995242, 1106523]"
184,"[848029, 916990, 851287, 1056746, 945662]"
185,"[874972, 1101010, 840601, 870428, 964968]"
187,"[849202, 1055155, 971949, 908531, 961554]"
188,"[874972, 879755, 847982, 1082185, 1029743]"
190,"[874972, 942817, 1079228, 825365, 1082185]"
191,"[874972, 1039156, 1082185, 1029743, 995242]"
192,"[874972, 9803601, 866043, 5569230, 1056509]"
193,"[1134483, 9420067, 1106523, 944139, 831712]"
194,"[874972, 825541, 838186, 1051468, 923746]"
195,"[12262830, 925164, 1010424, 845193, 10204488]"
196,"[970747, 1082185, 1029743, 995242, 1106523]"
197,"[874972, 7462562, 1126899, 838186, 882830]"
198,"[836445, 965842, 907099, 1075368, 8090521]"
199,"[874972, 1082185, 1029743, 995242, 1106523]"
200,"[874972, 1058997, 898601, 1044404, 909894]"
201,"[874972, 1007642, 933303, 6034857, 847049]"
202,"[829291, 1019247, 999779, 1013389, 944534]"
203,"[874972, 948384, 5569471, 1029743, 914190]"
204,"[874972, 5569230, 921504, 1053690, 9911484]"
205,"[1021324, 908504, 837865, 1106523, 1051516]"
208,"[874972, 951190, 862349, 879504, 845715]"
209,"[874972, 977545, 9333734, 8090532, 822524]"
210,"[12262778, 849098, 908181, 910473, 1135868]"
211,"[874972, 1110572, 1004390, 962229, 862732]"
212,"[874972, 13842214, 1056509, 995242, 847982]"
213,"[1000753, 1102959, 1082185, 1029743, 995242]"
214,"[874972, 1047769, 12782182, 944836, 1019643]"
215,"[874972, 1128464, 10121965, 916993, 1082185]"
216,"[874972, 6533936, 974204, 1082185, 1029743]"
217,"[1000753, 1110244, 1046756, 895930, 1132789]"
218,"[969725, 1139525, 1074333, 894439, 1085604]"
219,"[1034176, 1056509, 1077430, 916758, 1122889]"
220,"[874972, 1038462, 9487606, 1016800, 1132789]"
221,"[874972, 9333734, 1095068, 1133018, 908181]"
222,"[874972, 1093030, 1134522, 1071759, 1058997]"
224,"[874972, 1102879, 845265, 10285144, 1085256]"
225,"[829291, 9420312, 902172, 9487603, 1019722]"
226,"[874972, 1082185, 1029743, 995242, 1106523]"
227,"[874972, 1104604, 898601, 908531, 890695]"
228,"[874972, 1082185, 1029743, 995242, 1106523]"
230,"[874972, 845193, 856060, 941183, 863802]"
232,"[874972, 6534035, 1137346, 1106523, 837270]"
233,"[833940, 1082212, 1093113, 5591154, 1078652]"
235,"[1110111, 911470, 1133018, 862732, 840386]"
236,"[874972, 857554, 829852, 1076056, 1082185]"
239,"[874972, 1039682, 1021116, 976864, 856772]"
240,"[12731432, 5569230, 1131344, 1106523, 9487927]"
241,"[874972, 1082185, 1029743, 995242, 1106523]"
242,"[874972, 895295, 911502, 862732, 978343]"
243,"[1075007, 1053690, 954673, 1126899, 932179]"
244,"[874972, 1133018, 929018, 834117, 909894]"
245,"[874972, 1082185, 1029743, 995242, 1106523]"
246,"[874972, 1051468, 822524, 1070820, 825994]"
247,"[874972, 1044188, 1134522, 1082185, 1023958]"
248,"[874972, 1082185, 1029743, 995242, 1106523]"
249,"[874972, 15926886, 1029743, 1082185, 1029743]"
250,"[874972, 1110218, 1132968, 844165, 923169]"
251,"[874972, 936914, 960791, 1075368, 1070820]"
252,"[874972, 1082185, 1029743, 995242, 1106523]"
253,"[874972, 1073150, 1072523, 922561, 1127758]"
254,"[874972, 982493, 1082185, 1029743, 995242]"
256,"[874972, 924423, 931777, 1075368, 862349]"
257,"[874972, 993638, 1082185, 1029743, 995242]"
258,"[1048257, 1000050, 15926844, 995242, 1082185]"
259,"[874972, 1082185, 1011578, 1039156, 940947]"
260,"[874972, 849098, 909714, 834117, 1045586]"
262,"[874972, 922561, 1043751, 1040807, 1124432]"
263,"[874972, 889649, 9526673, 831063, 994223]"
264,"[874972, 1104695, 844054, 1018740, 961554]"
265,"[874972, 1082185, 1029743, 995242, 1106523]"
266,"[1082627, 1070820, 994223, 919423, 5569471]"
267,"[874972, 1082185, 1029743, 995242, 1106523]"
268,"[874972, 837107, 1082185, 1029743, 995242]"
269,"[874972, 895930, 1031831, 962229, 1139782]"
270,"[874972, 984715, 1014238, 1053690, 1101010]"
271,"[1029688, 862349, 8090521, 856252, 844165]"
273,"[874972, 873964, 13115501, 6979579, 1079067]"
274,"[874972, 841228, 830795, 1084177, 1082185]"
275,"[874972, 1135552, 936508, 857554, 918638]"
276,"[12810391, 995896, 1052912, 12731544, 1042942]"
278,"[874972, 962229, 8090537, 824005, 856060]"
280,"[874972, 1106523, 1082185, 1029743, 995242]"
281,"[874972, 1055504, 862349, 5585510, 934399]"
282,"[874972, 5572828, 985999, 957736, 919535]"
283,"[878715, 862682, 6034577, 856252, 1061982]"
284,"[874972, 996156, 12301405, 1101173, 1082185]"
285,"[874972, 839094, 819063, 1047619, 981760]"
286,"[10198378, 1119051, 1082185, 1029743, 995242]"
287,"[874972, 13008334, 1047769, 969866, 1106523]"
288,"[874972, 1126899, 1018050, 932179, 865705]"
289,"[874972, 962568, 1135044, 970030, 1022254]"
290,"[874972, 946757, 873964, 962229, 952317]"
291,"[874972, 6704207, 6534480, 1039589, 1056762]"
292,"[874972, 1076056, 1106523, 1053690, 981760]"
294,"[874972, 921836, 5568197, 9245108, 1085983]"
297,"[874972, 831063, 1085983, 6704207, 1110572]"
300,"[874972, 1082185, 1029743, 995242, 1106523]"
301,"[874972, 924423, 9833277, 898510, 12428017]"
302,"[874972, 1062128, 1101174, 1005274, 887342]"
303,"[874972, 9526673, 883202, 1102416, 895930]"
304,"[874972, 1038462, 9571047, 1107553, 900145]"
305,"[874972, 913210, 1011876, 1082185, 1029743]"
306,"[874972, 825541, 904813, 862349, 1101010]"
307,"[874972, 889731, 913490, 1019637, 1039156]"
308,"[874972, 950206, 892503, 1110572, 947658]"
311,"[874972, 882826, 823862, 1110572, 930917]"
312,"[874972, 906262, 965766, 901776, 1040935]"
314,"[833940, 871722, 903513, 1058997, 995965]"
316,"[836445, 5585510, 1102927, 1122358, 952317]"
317,"[874972, 1107553, 1101010, 12171656, 983584]"
318,"[874972, 977481, 1106301, 5568729, 918335]"
321,"[874972, 856772, 5568729, 944836, 922340]"
322,"[874972, 1030409, 1044078, 901062, 941734]"
323,"[826666, 1122358, 921836, 1126895, 969205]"
324,"[874972, 993466, 999625, 1026258, 845715]"
325,"[12810464, 827667, 945805, 5569471, 1011300]"
326,"[874972, 879504, 1040807, 8090521, 1101010]"
327,"[874972, 884774, 15926844, 1133018, 883963]"
328,"[1048257, 977658, 999391, 1070820, 1028816]"
329,"[948670, 888532, 1072843, 892221, 934369]"
330,"[874972, 1053690, 9420312, 1106523, 5592931]"
331,"[874972, 862349, 1082185, 1082185, 1029743]"
332,"[874972, 1139525, 1070803, 862349, 10457044]"
333,"[874972, 899624, 1082185, 1029743, 995242]"
334,"[874972, 6034577, 1056509, 860975, 933060]"
338,"[874972, 895268, 1039156, 1028816, 1051516]"
339,"[874972, 1044188, 1051211, 1106523, 1082185]"
342,"[1000753, 870515, 854852, 847982, 1082185]"
343,"[874972, 1040807, 865705, 909714, 1018740]"
345,"[874972, 1071759, 999639, 6602697, 1003188]"
346,"[874972, 865528, 911470, 1101010, 986912]"
347,"[874972, 1024306, 930118, 1082185, 1029743]"
348,"[947858, 1014238, 1031083, 5585510, 985893]"
349,"[874972, 838010, 889649, 1082172, 1082185]"
350,"[874972, 1106523, 1044078, 1082185, 1029743]"
351,"[1000753, 6602697, 1065593, 894439, 1057260]"
353,"[874972, 948086, 1082185, 1029743, 995242]"
354,"[849202, 1058997, 862725, 1008814, 1097001]"
356,"[874972, 1049735, 1084968, 867668, 1082185]"
357,"[833940, 1133018, 906763, 908531, 1000050]"
358,"[14106445, 1055504, 933060, 5568489, 862010]"
360,"[874972, 1110572, 1037894, 1031831, 1045220]"
361,"[970866, 8203451, 1002771, 962229, 1101010]"
362,"[874972, 1104604, 983795, 12731714, 922127]"
364,"[874972, 962229, 860975, 1092026, 1106301]"
365,"[874972, 924427, 1107553, 986912, 956672]"
366,"[874972, 858302, 948232, 1065593, 1128240]"
367,"[874972, 993466, 907392, 862349, 823775]"
369,"[874972, 986912, 8090509, 1106523, 1016276]"
371,"[874972, 944836, 1037332, 6533936, 1070820]"
373,"[874972, 999779, 9926758, 986912, 1094955]"
374,"[1108094, 7409670, 1121360, 1009046, 1037863]"
375,"[874972, 885023, 1058021, 1082185, 1029743]"
376,"[874972, 1006184, 1095068, 983078, 1061220]"
377,"[874972, 959985, 994223, 1138443, 1082185]"
378,"[874972, 910673, 1035843, 15926886, 1009046]"
380,"[1013928, 906017, 952317, 1098284, 8090521]"
381,"[874972, 856772, 1106523, 819927, 6034857]"
382,"[874972, 926905, 1106523, 1043787, 7168026]"
383,"[874972, 1058997, 854754, 890695, 829722]"
384,"[874972, 10344971, 825343, 1075368, 828143]"
385,"[874972, 1010190, 5568228, 914577, 1131321]"
386,"[874972, 10204488, 15926886, 1108131, 868764]"
387,"[878715, 916990, 999104, 1126899, 8090536]"
388,"[874972, 1031083, 906763, 995242, 970119]"
389,"[887474, 947798, 849003, 845193, 1058997]"
390,"[874972, 927860, 999714, 1082185, 1029743]"
392,"[874972, 972665, 9487606, 1028473, 6034577]"
393,"[1013928, 896085, 1070272, 1108168, 1029743]"
394,"[874972, 13842090, 921836, 986912, 885290]"
395,"[874972, 1053690, 1000908, 926233, 5568378]"
396,"[874972, 993441, 1109374, 834103, 1082185]"
397,"[874972, 978343, 897953, 892573, 1058997]"
398,"[874972, 1102879, 1104584, 8090521, 1053690]"
400,"[874972, 6979545, 6979803, 5567702, 853354]"
401,"[874972, 838010, 5574409, 986912, 827683]"
402,"[970747, 900145, 1051468, 892573, 824005]"
404,"[874972, 5569471, 862682, 1092588, 835279]"
405,"[874972, 1125904, 1126808, 962229, 13842088]"
406,"[874972, 862349, 1116821, 934399, 1082185]"
407,"[9835223, 908531, 995242, 1082185, 1029743]"
409,"[874972, 909750, 9676866, 1038443, 862349]"
410,"[874972, 948384, 962229, 995242, 923746]"
411,"[874972, 1082185, 1029743, 995242, 1106523]"
412,"[874972, 6463717, 849098, 986912, 860975]"
413,"[874972, 838186, 839346, 1106523, 1082185]"
414,"[874972, 1093413, 947292, 971922, 972931]"
415,"[874972, 1056509, 999104, 1121360, 960791]"
417,"[874972, 1081189, 829722, 5578547, 1076195]"
418,"[874972, 1119405, 1083296, 852360, 1065061]"
420,"[874972, 1029743, 1082185, 1029743, 995242]"
421,"[874972, 6533936, 1092588, 1125943, 1139782]"
425,"[874972, 1092303, 842707, 1070820, 1048727]"
426,"[14106445, 963868, 1101706, 1057260, 1110409]"
427,"[874972, 1037863, 1110255, 1029743, 1082185]"
429,"[874972, 5585510, 1110142, 1056509, 995242]"
430,"[874972, 1075368, 9396770, 1042571, 962229]"
432,"[874972, 825994, 907128, 838602, 975649]"
433,"[874972, 1137344, 12670071, 1106523, 1082185]"
434,"[874972, 10121965, 1081189, 1039781, 1065593]"
435,"[874972, 5569845, 1135681, 899624, 930344]"
437,"[948670, 1039156, 1082185, 1029743, 995242]"
438,"[874972, 1019247, 1064213, 9881593, 917033]"
441,"[874972, 8160430, 1009046, 1038985, 1124971]"
442,"[874972, 928092, 833025, 1085604, 1126899]"
443,"[874972, 1096817, 866211, 1057260, 862349]"
446,"[874972, 1082185, 1029743, 995242, 1106523]"
447,"[1048507, 986912, 1022097, 1057260, 995242]"
449,"[970866, 971922, 913210, 1053690, 7025114]"
450,"[12810391, 1101010, 1044078, 13842090, 995242]"
451,"[874972, 963868, 916122, 1004906, 1082185]"
454,"[9835223, 935993, 1016800, 1053690, 881047]"
457,"[874972, 844165, 1122568, 911311, 1029743]"
458,"[874972, 5587938, 1139493, 1058997, 1023958]"
459,"[863762, 1075313, 972312, 885290, 1039682]"
460,"[874972, 826385, 981760, 1082185, 1029743]"
461,"[874972, 1077555, 979566, 909714, 995242]"
462,"[874972, 1043751, 854042, 1137775, 13841744]"
463,"[948670, 933067, 1046689, 848154, 835243]"
464,"[874972, 9677236, 838010, 856252, 1121360]"
466,"[874972, 832001, 859191, 1082185, 1029743]"
467,"[874972, 890283, 7167945, 834117, 1110692]"
468,"[874972, 5995609, 846334, 1098284, 1122358]"
469,"[874972, 1137775, 883932, 862349, 901062]"
470,"[874972, 1030093, 9420312, 840601, 933060]"
471,"[874972, 852360, 12648296, 8090521, 883202]"
474,"[874972, 1030093, 1065593, 1082185, 1029743]"
477,"[948670, 879755, 13945244, 1029743, 13115579]"
478,"[874972, 8090440, 1082185, 1029743, 995242]"
479,"[874972, 1082185, 1029743, 995242, 1106523]"
480,"[874972, 1009449, 1082185, 1029743, 995242]"
482,"[836445, 1101010, 999581, 8090537, 1025581]"
483,"[874972, 879755, 1077588, 1082185, 1029743]"
484,"[833940, 970760, 888532, 819330, 1044759]"
485,"[12810391, 868764, 898510, 6533608, 1067779]"
487,"[874972, 906763, 7169034, 1082185, 1029743]"
489,"[874972, 845715, 1077430, 986912, 1058997]"
491,"[874972, 994223, 1051468, 10285106, 1100972]"
493,"[874972, 866292, 1017363, 1024731, 903233]"
495,"[12810391, 1116821, 1006250, 995965, 940731]"
497,"[874972, 911088, 1079223, 7410290, 942778]"
502,"[874972, 910473, 12427353, 908531, 1131344]"
503,"[874972, 1003188, 1018859, 1073150, 8090536]"
505,"[874972, 1127716, 1082185, 1029743, 995242]"
506,"[849202, 1026118, 855138, 1104414, 1081853]"
507,"[874972, 885290, 6633273, 1126899, 1036501]"
508,"[874972, 830887, 1029504, 8090537, 1037863]"
510,"[874972, 1017472, 948086, 1036501, 1107553]"
511,"[874972, 8205218, 933303, 844165, 9881834]"
513,"[1034176, 907647, 8090541, 865026, 1093413]"
514,"[874972, 935126, 964520, 1082185, 923169]"
515,"[874972, 898601, 1066893, 995242, 1082185]"
516,"[874972, 1082185, 1029743, 995242, 1106523]"
517,"[874972, 1135573, 9524511, 1126899, 1028816]"
518,"[874972, 835530, 865026, 1122358, 1056509]"
520,"[874972, 5580166, 923746, 992622, 6979427]"
521,"[874972, 1009449, 6034964, 1026118, 1056746]"
523,"[874972, 862349, 948254, 1057260, 9803601]"
524,"[874972, 1133018, 1067606, 1009046, 1120532]"
525,"[874972, 1017472, 952408, 1101010, 1138443]"
526,"[874972, 1097001, 1021116, 913210, 1039156]"
527,"[874972, 880427, 1118787, 910109, 1058997]"
531,"[874972, 819978, 1075368, 5569230, 976214]"
533,"[874972, 1043663, 965766, 844165, 1133018]"
534,"[874972, 935968, 9245106, 993466, 933060]"
537,"[874972, 1082185, 1029743, 995242, 1106523]"
538,"[1048257, 834158, 1092588, 1070820, 885290]"
539,"[1108094, 1101010, 1023958, 1058997, 981760]"
540,"[874972, 1138189, 1051516, 854852, 1082185]"
542,"[874972, 1013597, 1068830, 1106523, 942525]"
543,"[874972, 6979545, 990256, 820486, 886481]"
544,"[874972, 856772, 947201, 7410290, 841228]"
545,"[874972, 1070076, 912914, 879528, 1082185]"
547,"[874972, 5585510, 856772, 8090536, 1084597]"
548,"[874972, 1002178, 887342, 1001333, 1012913]"
550,"[874972, 844165, 1101010, 1082185, 856252]"
552,"[874972, 998536, 5592931, 1069039, 931255]"
553,"[874972, 9881593, 1138189, 6533936, 1037332]"
554,"[874972, 6979427, 1096317, 8090537, 1029743]"
556,"[874972, 1082185, 1029743, 995242, 1106523]"
557,"[874972, 1082185, 1029743, 995242, 1106523]"
558,"[874972, 888543, 948650, 890610, 5592931]"
560,"[874972, 1085983, 1046756, 899115, 1094107]"
562,"[874972, 8090537, 967476, 962229, 965842]"
563,"[874972, 1070820, 5566235, 1134522, 843898]"
564,"[874972, 1110572, 1082185, 1029743, 995242]"
566,"[874972, 889649, 1087102, 1029743, 10204822]"
567,"[874972, 840601, 819978, 986912, 8090509]"
568,"[1013928, 883068, 838186, 844165, 5585510]"
569,"[874972, 5569471, 833724, 1028816, 12171656]"
570,"[874972, 850058, 1010424, 1007512, 1130777]"
574,"[874972, 1060705, 819978, 883912, 908531]"
575,"[874972, 1139525, 9420312, 855718, 862349]"
576,"[874972, 945244, 937276, 5580577, 1102949]"
577,"[874972, 901062, 1061982, 1056509, 925364]"
578,"[874972, 862349, 850058, 12263788, 8090521]"
579,"[970747, 1011300, 5585510, 879755, 868423]"
580,"[874972, 5582712, 944249, 1056509, 860975]"
581,"[874972, 1082185, 1029743, 995242, 1106523]"
582,"[1021324, 8090513, 822785, 1119051, 954642]"
583,"[874972, 974766, 891505, 1108168, 1082185]"
586,"[874972, 880888, 12263788, 8090521, 917407]"
587,"[874972, 7410015, 1079048, 890695, 1077285]"
588,"[874972, 1110572, 10204488, 1085604, 12577242]"
590,"[9835223, 962229, 861445, 1106373, 15926886]"
591,"[874972, 1007549, 1094955, 1082185, 1029743]"
593,"[874972, 1082185, 1029743, 995242, 1106523]"
594,"[874972, 923149, 889649, 962229, 896085]"
595,"[874972, 906763, 977658, 1002558, 1082185]"
596,"[874972, 1076875, 881154, 8090537, 1106523]"
598,"[874972, 1043787, 868539, 1050741, 960791]"
600,"[1000753, 834103, 952317, 10285243, 856252]"
602,"[874972, 898601, 970619, 908283, 1029743]"
603,"[874972, 861445, 945909, 9926758, 1082185]"
604,"[874972, 940947, 880150, 862349, 5569374]"
605,"[948670, 9803601, 862349, 5591154, 13416351]"
606,"[874972, 924427, 1040346, 880427, 990688]"
608,"[1013928, 830887, 836445, 1038462, 941856]"
609,"[874972, 1082185, 1029743, 995242, 1106523]"
610,"[874972, 909396, 1027068, 1081177, 1082185]"
611,"[956599, 856252, 6533362, 1053690, 12648296]"
612,"[874972, 870428, 9935616, 839656, 1065593]"
613,"[874972, 1049735, 1011300, 845193, 986912]"
614,"[1000753, 1039126, 900802, 889692, 986912]"
615,"[874972, 970119, 1082185, 995242, 1125382]"
617,"[874972, 1045220, 896613, 1126899, 10344585]"
618,"[874972, 1082185, 1029743, 995242, 1106523]"
621,"[874972, 888054, 965766, 1112825, 1077588]"
622,"[1038663, 1011300, 1013167, 879755, 1049906]"
623,"[874972, 1082185, 1029743, 995242, 1106523]"
624,"[874972, 856772, 910439, 5590613, 973693]"
630,"[874972, 825365, 858373, 862349, 6464147]"
631,"[874972, 9487927, 10285144, 9571047, 899682]"
632,"[938138, 1017472, 944534, 1057260, 910473]"
633,"[874972, 1126870, 1002558, 1075368, 8090546]"
636,"[874972, 1135868, 900145, 906763, 5590613]"
637,"[1013928, 1011572, 926905, 1106523, 1082185]"
638,"[874972, 872137, 1120928, 1059347, 971922]"
640,"[874972, 1082185, 1029743, 995242, 1106523]"
641,"[12262830, 10285243, 824005, 862349, 1104349]"
643,"[874972, 898601, 1006188, 932298, 925862]"
644,"[874972, 976864, 951197, 821083, 1136375]"
647,"[874972, 1083446, 1031087, 8090536, 819978]"
648,"[874972, 1107553, 1019643, 1119051, 868764]"
650,"[874972, 1082185, 1029743, 995242, 1106523]"
652,"[874972, 7409670, 931671, 1067695, 883202]"
653,"[874972, 1004555, 1035207, 1102959, 1082185]"
654,"[1034176, 832678, 1079223, 1056509, 856252]"
655,"[874972, 12946027, 951590, 1082185, 1029743]"
658,"[874972, 941741, 995055, 1038217, 1044078]"
659,"[874972, 1082185, 1029743, 995242, 1106523]"
660,"[874972, 1028473, 1116020, 862010, 936924]"
661,"[12262778, 1040346, 12731432, 1110572, 986912]"
662,"[874972, 871440, 965766, 1115098, 1012284]"
663,"[874972, 5585510, 833458, 1085604, 5565925]"
665,"[874972, 1071171, 1082185, 1029743, 995242]"
666,"[874972, 1058930, 825749, 1133018, 854852]"
667,"[874972, 844165, 1034955, 860975, 1016800]"
668,"[874972, 1042942, 873654, 1082185, 1029743]"
669,"[874972, 1019643, 8090545, 1126899, 1062128]"
670,"[1065538, 1057260, 8090536, 868764, 891505]"
671,"[874972, 5569327, 8273833, 1029743, 866211]"
672,"[874972, 6533362, 859237, 983584, 916993]"
673,"[874972, 1076875, 1121360, 968936, 1106523]"
674,"[874972, 866043, 950206, 6602697, 923208]"
675,"[874972, 9245108, 1116096, 1121384, 1139142]"
676,"[1038663, 903609, 1029504, 947798, 1107553]"
680,"[874972, 900586, 873627, 995242, 845675]"
681,"[874972, 9527350, 859075, 1126899, 890695]"
684,"[874972, 835347, 1035386, 9835947, 1009567]"
685,"[874972, 900145, 1031087, 1097398, 6534077]"
687,"[874972, 1106373, 1122568, 13841744, 5569230]"
690,"[1108094, 1038745, 987464, 1037840, 1101010]"
691,"[874972, 923670, 1065593, 13842090, 881047]"
692,"[12810464, 1082185, 6034964, 1119051, 1019643]"
693,"[948670, 832001, 7410248, 1011300, 1044188]"
694,"[874972, 1101010, 993638, 844165, 8090537]"
695,"[874972, 1002771, 1101173, 1039156, 993639]"
696,"[970747, 1089025, 880427, 1126899, 975633]"
697,"[874972, 826272, 1062782, 1057260, 6463742]"
698,"[1054402, 1082990, 999104, 1053690, 880427]"
699,"[874972, 919596, 962229, 1027835, 949965]"
700,"[874972, 1038985, 899459, 1056509, 1101010]"
701,"[874972, 1029743, 13506200, 981760, 878996]"
702,"[12731432, 1058997, 1084331, 1056509, 962229]"
703,"[12262830, 846764, 6464166, 9884484, 6602697]"
705,"[874972, 862349, 860975, 912112, 835530]"
706,"[829291, 868548, 1056509, 971922, 1012913]"
707,"[874972, 871909, 1115098, 1030409, 5591154]"
708,"[874972, 1076587, 1003487, 932179, 910439]"
709,"[863762, 1106073, 12577242, 952317, 1011300]"
710,"[874972, 1098284, 862010, 1110572, 912451]"
711,"[874972, 866211, 1082185, 1029743, 995242]"
712,"[874972, 9677202, 1070820, 823775, 872137]"
713,"[874972, 936508, 1082310, 962229, 5569230]"
714,"[874972, 8090521, 1127624, 1058997, 944139]"
715,"[874972, 935968, 1044805, 977481, 1127758]"
716,"[874972, 1051516, 961554, 1058997, 937276]"
717,"[874972, 1102949, 1082185, 1029743, 995242]"
718,"[917384, 1095645, 1062002, 1092026, 1037894]"
719,"[874972, 1053690, 847207, 978343, 1138292]"
720,"[874972, 948650, 895268, 1056212, 909714]"
721,"[874972, 1074754, 1082185, 1029743, 995242]"
722,"[874972, 899682, 5570383, 10455984, 819765]"
723,"[874972, 1019883, 1043301, 862349, 934948]"
725,"[874972, 819765, 1012315, 879504, 893501]"
726,"[874972, 1139782, 852360, 838010, 1059527]"
727,"[874972, 1082185, 1029743, 995242, 1106523]"
728,"[904997, 844165, 992622, 1069039, 1122358]"
729,"[874972, 1082185, 1029743, 995242, 1106523]"
730,"[874972, 862349, 969932, 1053690, 1082185]"
731,"[849202, 834103, 839094, 6396581, 1128016]"
733,"[874972, 1123434, 1063577, 5569471, 964521]"
734,"[874972, 819063, 1077285, 1068292, 961554]"
735,"[874972, 1029743, 883202, 965766, 826385]"
736,"[904997, 5569230, 7168026, 1029743, 982493]"
740,"[874972, 905436, 8293439, 1044259, 854754]"
741,"[12810391, 1056509, 9655528, 977545, 945662]"
742,"[874972, 879735, 1082185, 1029743, 995242]"
743,"[874972, 6979753, 1096343, 952593, 946977]"
744,"[874972, 963971, 1131321, 862349, 999104]"
745,"[906335, 1028473, 996009, 8203451, 13842088]"
747,"[874972, 1019247, 1082185, 1029743, 995242]"
748,"[829291, 5569230, 1037417, 1037894, 1056509]"
749,"[874972, 1082185, 1029743, 995242, 1106523]"
750,"[874972, 8090521, 5569327, 844165, 1133018]"
752,"[874972, 1002850, 824915, 986912, 847344]"
753,"[874972, 1036501, 1039156, 862349, 1028816]"
754,"[874972, 1055504, 1082185, 900842, 1036347]"
755,"[874972, 845193, 1082185, 1029743, 995242]"
757,"[874972, 1011300, 1040346, 962229, 1133018]"
759,"[874972, 907099, 9677236, 1049906, 955075]"
761,"[874972, 1001827, 1119405, 1028473, 905072]"
762,"[874972, 834103, 8090536, 1011300, 1058997]"
764,"[848029, 1088147, 856252, 898847, 913490]"
766,"[874972, 993441, 1043751, 1107553, 916990]"
767,"[970747, 970030, 935284, 862349, 849003]"
768,"[874972, 1031083, 1026118, 962229, 1023958]"
769,"[874972, 1139782, 968936, 922340, 9835509]"
770,"[874972, 925178, 1003188, 5569230, 1092937]"
771,"[874972, 1070845, 6424447, 1119051, 955075]"
773,"[874972, 873887, 6533362, 909714, 835973]"
776,"[874972, 916381, 10284946, 1029743, 1082185]"
777,"[874972, 1098435, 863802, 862725, 6533608]"
779,"[874972, 5587938, 870515, 1057260, 6533362]"
781,"[836445, 1120532, 1077490, 12946027, 914190]"
784,"[860248, 1051323, 995965, 1139782, 5569230]"
786,"[878715, 835243, 931255, 972665, 907647]"
787,"[874972, 1082185, 862349, 999104, 909714]"
788,"[874972, 1028995, 936508, 996425, 8090532]"
789,"[874972, 983584, 983078, 922561, 1009449]"
790,"[874972, 6704207, 1082185, 1029743, 995242]"
793,"[874972, 1082185, 1029743, 995242, 1106523]"
794,"[874972, 1037631, 1051516, 865026, 1101010]"
795,"[874972, 5590613, 1138292, 911470, 1026209]"
796,"[874972, 993638, 1082185, 1029743, 995242]"
798,"[874972, 989157, 1122358, 5568249, 856060]"
799,"[874972, 1048068, 923746, 1058997, 1003188]"
800,"[874972, 882496, 9859182, 9677236, 12132648]"
801,"[906335, 1070820, 957741, 856252, 849003]"
802,"[874972, 1016276, 1048462, 870933, 1082185]"
803,"[874972, 1132789, 825343, 969866, 1082185]"
804,"[874972, 5569327, 982790, 844165, 879755]"
805,"[1038663, 841365, 890695, 868764, 9245108]"
806,"[826666, 7433888, 7167687, 8090536, 855718]"
807,"[874972, 1003487, 1138772, 9571047, 937845]"
808,"[874972, 884333, 1136719, 1036501, 1008814]"
810,"[874972, 1107839, 1028816, 906017, 1125278]"
811,"[874972, 1082185, 1029743, 995242, 1106523]"
813,"[874972, 911470, 909338, 932179, 913210]"
814,"[1000753, 1016276, 12648296, 1101173, 1065593]"
816,"[874972, 960791, 928049, 879504, 862349]"
817,"[874972, 934172, 829323, 1070820, 1094924]"
818,"[874972, 1082185, 1029743, 995242, 1106523]"
820,"[874972, 1038462, 1128240, 1076875, 8090521]"
822,"[874972, 12349795, 887618, 995242, 981760]"
823,"[874972, 13115579, 1005609, 8090521, 1106523]"
824,"[874972, 13841744, 13945244, 1016800, 923746]"
825,"[874972, 948086, 970119, 1028816, 1058997]"
826,"[874972, 1035842, 5567502, 1037840, 970760]"
829,"[874972, 1112825, 10344585, 10204488, 1039156]"
830,"[874972, 961792, 845265, 1039156, 1026118]"
831,"[874972, 880888, 844441, 885406, 937626]"
836,"[874972, 988116, 841228, 851287, 957741]"
837,"[874972, 843756, 901062, 1082185, 1029743]"
840,"[874972, 1096317, 10121965, 944836, 1051468]"
841,"[12812261, 976199, 1122568, 922561, 1133018]"
842,"[874972, 923746, 9245108, 1004596, 1029624]"
844,"[14106445, 868423, 895268, 9396821, 862349]"
845,"[874972, 1125943, 1081189, 8090537, 1009719]"
846,"[829291, 8090537, 1112766, 1075368, 1133018]"
847,"[874972, 1058997, 1050534, 1005274, 1082185]"
848,"[826666, 880888, 1095645, 1070820, 1038985]"
850,"[12731432, 856252, 1038985, 845109, 1133018]"
852,"[874972, 847207, 8203451, 1058997, 848319]"
853,"[874972, 874149, 871722, 951412, 6602729]"
854,"[874972, 1082185, 1029743, 995242, 1106523]"
855,"[874972, 862822, 901062, 1029743, 13008334]"
856,"[874972, 922907, 1120362, 1022254, 995242]"
857,"[874972, 953180, 1075214, 8090537, 1134292]"
858,"[849202, 1082185, 1029743, 995242, 1106523]"
859,"[874972, 819330, 12731436, 1075368, 13842214]"
861,"[874972, 833724, 871337, 5585510, 963835]"
862,"[1038663, 874643, 1123720, 1134522, 9487603]"
863,"[874972, 985999, 837865, 5585510, 5569135]"
864,"[874972, 989069, 1104584, 1101010, 8090521]"
865,"[947858, 1037417, 1095068, 962229, 899624]"
866,"[874972, 9420312, 1013999, 844165, 860975]"
867,"[874972, 999779, 1103752, 983584, 1110409]"
868,"[874972, 1007642, 8090560, 9884484, 1018740]"
869,"[874972, 1110572, 1044188, 949023, 1127624]"
871,"[9677366, 1050741, 940947, 1053690, 986912]"
875,"[874972, 952317, 1133018, 986912, 8181477]"
876,"[874972, 5592261, 999198, 1058997, 12782182]"
877,"[874972, 885290, 999639, 1058997, 8090509]"
878,"[829291, 13115579, 1021715, 947798, 986912]"
879,"[874972, 900418, 832678, 8090536, 1130777]"
880,"[874972, 1065593, 890695, 1131550, 965766]"
881,"[874972, 1131550, 843898, 1108168, 890695]"
882,"[874972, 1061220, 886481, 1110572, 8090521]"
883,"[874972, 1121862, 999104, 845715, 874149]"
884,"[874972, 1119399, 1044655, 934676, 1096036]"
885,"[10198378, 932298, 13842090, 947798, 1006483]"
886,"[874972, 917033, 999198, 1070820, 868764]"
887,"[874972, 978077, 13416351, 987562, 1082185]"
888,"[1079913, 6602697, 951412, 10344585, 856252]"
889,"[874972, 999104, 879755, 1126899, 1011300]"
891,"[899019, 868539, 12731436, 13842090, 936914]"
893,"[874972, 1093113, 6602590, 981760, 1082185]"
894,"[874972, 880150, 838347, 874149, 1082185]"
895,"[849202, 1081189, 866211, 1082185, 868888]"
897,"[874972, 8090536, 986912, 861445, 993638]"
898,"[874972, 9884698, 999779, 1057260, 1028816]"
900,"[1075007, 978077, 13416351, 879504, 986912]"
903,"[874972, 819765, 9835509, 1126899, 923789]"
904,"[874972, 845193, 1062002, 1106523, 1112238]"
906,"[874972, 8090532, 858743, 5587938, 1113141]"
907,"[874972, 978077, 1127825, 1057260, 986912]"
908,"[1110111, 1126899, 848319, 1057260, 5569230]"
909,"[874972, 955075, 6633224, 6533936, 976199]"
911,"[874972, 820291, 819840, 944836, 10344585]"
913,"[874972, 913210, 1070820, 1082185, 981760]"
914,"[874972, 1073150, 1082185, 1029743, 995242]"
915,"[874972, 871754, 1057260, 853354, 961554]"
916,"[874972, 948086, 925112, 913210, 826144]"
919,"[874972, 882109, 1044805, 937626, 6391532]"
920,"[982469, 952317, 5592734, 1097001, 1092026]"
922,"[874972, 903325, 1125123, 1058997, 1028816]"
924,"[874972, 13841744, 906838, 995242, 8090537]"
926,"[874972, 935993, 913210, 1058997, 936914]"
927,"[874972, 1026118, 1099905, 1058997, 986912]"
928,"[874972, 880895, 995876, 1119051, 1082185]"
929,"[874972, 8090537, 906763, 1070820, 1010190]"
930,"[874972, 917033, 1082185, 1029743, 995242]"
931,"[1079913, 1101010, 989409, 1126899, 1040807]"
934,"[874972, 1110142, 971922, 1088147, 885863]"
935,"[874972, 1082185, 1029743, 995242, 1106523]"
936,"[874972, 1133254, 830795, 962229, 1070820]"
937,"[874972, 1098844, 1044759, 1126899, 1134810]"
939,"[874972, 885290, 933067, 1102416, 1092026]"
940,"[874972, 860975, 5981074, 975649, 882496]"
941,"[874972, 12171656, 1092588, 873887, 9677202]"
942,"[874972, 1082185, 1029743, 995242, 1106523]"
943,"[874972, 999779, 1016276, 1110244, 13381584]"
944,"[874972, 1016800, 5585510, 1101010, 901776]"
946,"[874972, 969205, 972143, 1093413, 885290]"
947,"[874972, 1120213, 949965, 1039156, 1101010]"
949,"[833940, 903567, 1096099, 1018050, 1048068]"
951,"[874972, 824005, 995965, 977481, 940947]"
952,"[874972, 973889, 1068719, 1048727, 995242]"
953,"[874972, 1092026, 1013167, 5569135, 1101173]"
954,"[874972, 1082185, 1029743, 995242, 1106523]"
955,"[874972, 931777, 1127232, 860703, 1079292]"
956,"[874972, 9677236, 924352, 1070820, 968936]"
957,"[874972, 900842, 871440, 10204488, 844165]"
959,"[874972, 1082185, 1029743, 995242, 1106523]"
960,"[874972, 862349, 856166, 1036347, 886395]"
961,"[874972, 926905, 920002, 860975, 1106301]"
964,"[917384, 952317, 972931, 962229, 1097239]"
965,"[874972, 1056509, 1002558, 952317, 1040346]"
967,"[874972, 820291, 1082185, 1029743, 995242]"
968,"[874972, 1113141, 6534035, 1073150, 839094]"
969,"[874972, 981760, 1029743, 1082185, 1029743]"
971,"[906844, 12524323, 12263788, 1075368, 6602697]"
972,"[874972, 868319, 942525, 6632283, 862349]"
973,"[12262830, 9859052, 932863, 944836, 921406]"
974,"[874972, 1082185, 1029743, 995242, 1106523]"
975,"[874972, 942525, 5569471, 5569327, 995965]"
976,"[826666, 10344585, 931777, 13842214, 1058997]"
978,"[874972, 1096317, 13115579, 854852, 5568228]"
979,"[1000753, 1026209, 5580793, 1042702, 898847]"
981,"[948670, 954651, 5569845, 1007210, 995242]"
982,"[956599, 9859128, 843306, 1075368, 969932]"
983,"[874972, 1101010, 858999, 1075368, 947798]"
984,"[874972, 1039682, 1025641, 997907, 958729]"
985,"[874972, 922561, 839656, 9571047, 973693]"
986,"[874972, 1070076, 12810422, 873964, 995242]"
987,"[12810464, 7139529, 1082185, 1029743, 995242]"
988,"[874972, 1096036, 852182, 1082185, 1029743]"
989,"[874972, 8090532, 12171656, 858999, 1003188]"
991,"[874972, 1082185, 1029743, 995242, 1106523]"
992,"[874972, 909714, 1028816, 1082185, 1029743]"
993,"[874972, 1083043, 1053176, 8293439, 8090539]"
996,"[874972, 908531, 5570408, 9553042, 1133018]"
997,"[874972, 916122, 1082185, 1029743, 995242]"
998,"[874972, 8090536, 1031831, 1096317, 947797]"
999,"[874972, 950206, 882604, 8090532, 6704207]"
1000,"[874972, 932242, 12427353, 986912, 1003188]"
1001,"[874972, 986912, 862535, 6533936, 910109]"
1003,"[874972, 1118033, 1082185, 1029743, 995242]"
1004,"[849202, 822407, 866211, 1054262, 956672]"
1005,"[874972, 5570408, 998556, 1133827, 1039589]"
1007,"[874972, 1115098, 888054, 12324841, 1082185]"
1008,"[874972, 1082185, 1029743, 995242, 1106523]"
1010,"[874972, 1055072, 9527323, 1082185, 1082185]"
1011,"[874972, 9859052, 865156, 944836, 1058997]"
1012,"[874972, 856060, 977499, 1070820, 1073150]"
1014,"[874972, 6534077, 1082185, 1029743, 995242]"
1015,"[874972, 999104, 6633273, 1037332, 10455984]"
1018,"[874972, 922561, 1070820, 952317, 1082185]"
1019,"[874972, 844165, 1062002, 1015296, 1106523]"
1020,"[874972, 6395907, 986912, 1070820, 10344585]"
1021,"[1110111, 10121610, 830245, 1110572, 1082185]"
1023,"[874972, 1080853, 833724, 919423, 1044259]"
1024,"[12262830, 1127624, 961269, 1097001, 1092026]"
1025,"[12810464, 906335, 8069350, 8090521, 1128464]"
1027,"[874972, 1101010, 1132771, 1082185, 1029743]"
1029,"[1048257, 6034857, 1126899, 909750, 1135552]"
1030,"[874972, 873887, 986912, 1101010, 1135834]"
1034,"[874972, 1126899, 907647, 981760, 1082185]"
1038,"[874972, 5568197, 1106523, 1082185, 1029743]"
1039,"[874972, 940731, 883068, 972665, 12427353]"
1040,"[874972, 865705, 1131321, 1075368, 8090536]"
1041,"[874972, 983795, 9835509, 1054383, 965693]"
1042,"[14106445, 1042341, 1083787, 862349, 868764]"
1043,"[874972, 1082185, 1029743, 995242, 1106523]"
1045,"[874972, 909750, 1055737, 931777, 967461]"
1046,"[874972, 823862, 1082185, 1029743, 995242]"
1047,"[874972, 1082185, 1029743, 995242, 1106523]"
1050,"[874972, 1110572, 1073150, 962229, 839094]"
1051,"[874972, 1070820, 1089766, 865026, 1076875]"
1053,"[874972, 879528, 931136, 970030, 828935]"
1057,"[874972, 1022254, 859010, 916990, 1039156]"
1058,"[874972, 1101010, 1013615, 1038462, 5568721]"
1060,"[874972, 1082185, 1029743, 995242, 1106523]"
1061,"[826666, 1061220, 890695, 1048727, 846823]"
1062,"[874972, 12302069, 1127624, 1082185, 1029743]"
1064,"[874972, 965530, 971922, 862349, 975633]"
1066,"[874972, 1062002, 832678, 898601, 995242]"
1067,"[848029, 9527257, 921504, 1126899, 962229]"
1068,"[9835223, 1076875, 1122358, 841365, 1025611]"
1069,"[9835223, 944137, 1074333, 962229, 983584]"
1070,"[874972, 1074524, 1118012, 873627, 1096635]"
1071,"[874972, 1031831, 12262992, 947798, 1085604]"
1073,"[874972, 1001827, 6979545, 1058997, 1115576]"
1074,"[874972, 831063, 5568249, 1058997, 940947]"
1075,"[874972, 8090539, 1139525, 1023958, 972931]"
1076,"[874972, 951197, 1135681, 1082185, 1029743]"
1077,"[874972, 1068292, 995242, 951590, 893501]"
1078,"[874972, 1075074, 12577242, 1058997, 1011300]"
1080,"[874972, 1053690, 1046756, 1008032, 1029743]"
1081,"[12810464, 1058930, 921504, 872137, 1056509]"
1082,"[874972, 916993, 1118533, 910473, 1133018]"
1083,"[874972, 942525, 839419, 1082185, 1029743]"
1084,"[874972, 1039566, 1095040, 981521, 951590]"
1085,"[938138, 10285106, 974204, 919589, 938849]"
1086,"[874972, 1056509, 6034857, 962229, 963835]"
1087,"[874972, 962229, 1106523, 1082185, 1029743]"
1088,"[874972, 12301073, 997011, 1066289, 1068719]"
1089,"[1000753, 941856, 821083, 891505, 8090521]"
1090,"[874972, 1018050, 1051516, 1025650, 1101956]"
1091,"[874972, 899624, 1082185, 1029743, 995242]"
1092,"[874972, 1110572, 1003188, 947798, 908531]"
1093,"[874972, 984715, 1139525, 844165, 5566472]"
1094,"[874972, 1126895, 867668, 1075368, 1073150]"
1096,"[874972, 999250, 1082185, 1029743, 995242]"
1097,"[917384, 1085333, 5568378, 992622, 1121360]"
1098,"[874972, 1031831, 832442, 1038443, 5585510]"
1100,"[874972, 951590, 1082185, 1029743, 995242]"
1102,"[12810391, 923670, 12731544, 1045150, 835098]"
1103,"[874972, 9571047, 997309, 1126899, 835004]"
1104,"[874972, 1115576, 1082185, 1029743, 995242]"
1105,"[874972, 1058997, 10344585, 1018050, 850058]"
1106,"[874972, 8090532, 995242, 868764, 5569327]"
1108,"[874972, 1062002, 1057260, 1077555, 1081853]"
1109,"[874972, 1058997, 978343, 1046816, 844991]"
1110,"[874972, 1082185, 1029743, 995242, 1106523]"
1111,"[874972, 833724, 952972, 1028816, 969419]"
1112,"[874972, 8203451, 1075214, 5569471, 1010681]"
1113,"[874972, 921836, 947326, 1028816, 1119051]"
1114,"[874972, 6463775, 1088414, 8090521, 10204822]"
1115,"[874972, 5569471, 1082185, 1029743, 995242]"
1117,"[874972, 1029743, 923746, 1082185, 1029743]"
1119,"[874972, 1075074, 9526673, 7166791, 854852]"
1120,"[874972, 1017195, 1082185, 1029743, 995242]"
1121,"[874972, 8090509, 1005609, 962229, 890695]"
1123,"[874972, 1104349, 5570408, 962229, 1058997]"
1124,"[874972, 8090509, 840601, 1045109, 1095068]"
1127,"[874972, 15926844, 1082185, 1029743, 995242]"
1128,"[874972, 962229, 934369, 1044188, 921406]"
1129,"[874972, 850058, 1006342, 1137688, 882247]"
1130,"[836445, 909750, 850058, 1039156, 1107553]"
1131,"[874972, 949023, 5574409, 1083787, 870547]"
1132,"[836445, 862070, 996016, 922561, 1133018]"
1133,"[874972, 868546, 982393, 990004, 1074271]"
1134,"[874972, 1080853, 1075074, 1070820, 1112825]"
1135,"[874972, 1131488, 5570408, 890610, 930917]"
1136,"[874972, 5574409, 12577242, 1118533, 947797]"
1137,"[874972, 821083, 992529, 914318, 885290]"
1138,"[874972, 1015539, 7442008, 897752, 1068719]"
1139,"[874972, 965693, 1069334, 862349, 1028891]"
1141,"[874972, 853998, 1013999, 1085333, 908531]"
1142,"[878715, 911311, 8293343, 1067695, 882826]"
1145,"[1038663, 879755, 5591154, 5585510, 819765]"
1146,"[874972, 1076875, 1000707, 959985, 986912]"
1147,"[874972, 1028995, 962229, 1016800, 888543]"
1149,"[874972, 1135681, 1082185, 1029743, 995242]"
1151,"[874972, 856060, 1056746, 6602697, 911622]"
1152,"[1110111, 908181, 941183, 933067, 867668]"
1154,"[874972, 6534035, 941856, 1053690, 983584]"
1155,"[829291, 941741, 824005, 1016800, 947797]"
1157,"[874972, 1082185, 1029743, 995242, 1106523]"
1158,"[874972, 1003649, 1125904, 1049735, 928049]"
1159,"[874972, 1044259, 1009046, 1107553, 8090532]"
1160,"[874972, 1000050, 821556, 8205218, 12301100]"
1161,"[874972, 879755, 883068, 1126252, 1011572]"
1163,"[874972, 868548, 15926886, 1056509, 12263279]"
1164,"[874972, 1045150, 1034686, 1070820, 1082185]"
1166,"[874972, 853998, 898510, 1093603, 967476]"
1167,"[874972, 7168026, 1001827, 1070820, 895295]"
1168,"[874972, 852080, 10456371, 1019637, 908531]"
1169,"[12810464, 873178, 1070702, 1106073, 846823]"
1171,"[874972, 7166861, 862682, 1038985, 913490]"
1172,"[874972, 1069334, 1067779, 963686, 856772]"
1174,"[874972, 1082185, 1029743, 995242, 1106523]"
1175,"[874972, 858302, 1062340, 944836, 1028891]"
1176,"[874972, 5569230, 1133018, 1077588, 999198]"
1178,"[874972, 873964, 967476, 6464165, 1104343]"
1179,"[874972, 921504, 869150, 962229, 1077555]"
1180,"[874972, 835243, 927360, 5590613, 1038985]"
1182,"[874972, 1101173, 995242, 842392, 940731]"
1183,"[874972, 8090537, 881154, 1135460, 1014238]"
1185,"[874972, 1127758, 934427, 895930, 910673]"
1186,"[14106445, 934948, 1126899, 1011300, 1018050]"
1187,"[874972, 1048383, 1014948, 6979753, 895930]"
1188,"[874972, 13842214, 997907, 883202, 5587938]"
1189,"[874972, 821083, 1055504, 1120443, 992529]"
1190,"[874972, 1004555, 840601, 911502, 1075214]"
1191,"[956599, 1053690, 827656, 1110572, 986912]"
1192,"[874972, 1082212, 824005, 1027068, 830887]"
1193,"[874972, 8090532, 909714, 13842088, 834117]"
1194,"[1000753, 940947, 934697, 5587656, 1039156]"
1195,"[874972, 1092026, 1040807, 1075368, 8090521]"
1196,"[874972, 1030409, 1014802, 919596, 873627]"
1197,"[899019, 890695, 9858936, 13842090, 971922]"
1198,"[874972, 926065, 1082185, 1029743, 995242]"
1201,"[874972, 1082185, 1029743, 995242, 1106523]"
1202,"[874972, 5995603, 1020682, 1082185, 1029743]"
1203,"[874972, 885697, 1033403, 845193, 8090956]"
1204,"[874972, 845193, 903609, 962229, 9677886]"
1205,"[874972, 999104, 856252, 1075368, 962229]"
1206,"[874972, 898601, 8273950, 9803601, 962229]"
1207,"[874972, 1082185, 8090521, 1133018, 1102949]"
1208,"[874972, 1082185, 1029743, 995242, 1106523]"
1209,"[874972, 1033403, 1082185, 1029743, 995242]"
1210,"[874972, 1058997, 1028816, 937928, 1080853]"
1211,"[874972, 1110255, 1087605, 879504, 1037631]"
1214,"[874972, 1082185, 1029743, 995242, 1106523]"
1216,"[874972, 999625, 1065593, 1082185, 1029743]"
1217,"[874972, 873964, 825731, 925626, 822407]"
1218,"[874972, 844165, 948832, 1070820, 895652]"
1219,"[874972, 10204488, 860975, 992985, 903567]"
1221,"[948670, 1110572, 949294, 1029743, 1070076]"
1222,"[874972, 854852, 837012, 1037840, 5570383]"
1223,"[1082627, 8090537, 982790, 1029743, 1082185]"
1224,"[874972, 1127758, 1043590, 951590, 1082185]"
1225,"[874972, 1127624, 958046, 6463742, 871754]"
1226,"[874972, 891752, 6534480, 862349, 919423]"
1227,"[948670, 5569230, 840227, 1104343, 15926886]"
1228,"[12262830, 1006483, 13842214, 983795, 5569471]"
1229,"[14106445, 1079820, 944486, 1037332, 1070820]"
1230,"[874972, 893501, 1082185, 1029743, 995242]"
1231,"[874972, 10149640, 866778, 995242, 1123536]"
1234,"[874972, 898847, 953180, 6533936, 916990]"
1236,"[874972, 1082185, 1029743, 995242, 1106523]"
1238,"[874972, 12263788, 12263279, 1101010, 9884484]"
1240,"[860248, 1039682, 895268, 1044259, 1126899]"
1241,"[849202, 949023, 890695, 850102, 921836]"
1242,"[874972, 962568, 5591083, 1082185, 1029743]"
1245,"[874972, 1037840, 852182, 849098, 1003188]"
1246,"[874972, 1064380, 1082185, 1029743, 995242]"
1247,"[874972, 901840, 961620, 1126899, 879755]"
1248,"[829291, 944466, 953561, 9881593, 971922]"
1249,"[874972, 900370, 5995597, 7025106, 1106523]"
1252,"[874972, 1009368, 1025641, 970119, 1089954]"
1255,"[874972, 5580793, 1082185, 1029743, 995242]"
1256,"[874972, 1055504, 824305, 986912, 878996]"
1257,"[874972, 1058997, 1093113, 824005, 7410215]"
1258,"[874972, 10121965, 1101174, 1075074, 883932]"
1259,"[874972, 917816, 12301405, 1058997, 970119]"
1260,"[874972, 8160430, 1058997, 867469, 949257]"
1261,"[874972, 12263788, 1013167, 860975, 840227]"
1262,"[874972, 821083, 856060, 1048483, 1029743]"
1263,"[874972, 1082185, 1029743, 995242, 1106523]"
1264,"[874972, 1082185, 1029743, 995242, 1106523]"
1265,"[874972, 1127624, 860975, 5569327, 924531]"
1266,"[836445, 840601, 1127624, 6602697, 889731]"
1267,"[12262830, 1096099, 9835509, 862349, 13842090]"
1269,"[874972, 12731714, 967395, 988693, 960984]"
1270,"[1000753, 1024306, 1041259, 1028816, 1062002]"
1271,"[874972, 1028995, 894968, 6533936, 1028816]"
1272,"[14106445, 940947, 852360, 868764, 974766]"
1274,"[874972, 989409, 13945244, 8090536, 879504]"
1277,"[874972, 849098, 5572738, 1006483, 1092026]"
1278,"[874972, 932298, 937845, 939527, 1103902]"
1279,"[874972, 1047619, 866043, 1106523, 969866]"
1280,"[874972, 1058997, 7442180, 1082185, 1029743]"
1281,"[874972, 1028891, 872137, 941183, 1026984]"
1282,"[874972, 952317, 12949590, 947798, 910673]"
1283,"[874972, 913490, 1081177, 965766, 945611]"
1284,"[1034176, 937928, 972931, 15926886, 999779]"
1285,"[874972, 1054814, 819304, 5569230, 13842214]"
1287,"[874972, 1039156, 5568378, 862349, 847344]"
1288,"[874972, 1075214, 862349, 923746, 897954]"
1289,"[874972, 5580793, 907418, 1085604, 856772]"
1290,"[874972, 934427, 1101173, 1053690, 1081177]"
1291,"[874972, 1102959, 871611, 827047, 1133312]"
1293,"[874972, 1124695, 1025650, 969419, 988572]"
1294,"[829291, 9677236, 7024847, 1126899, 5591154]"
1295,"[874972, 1082185, 1029743, 995242, 1106523]"
1296,"[874972, 1016800, 930917, 995242, 935578]"
1297,"[970747, 1053628, 15926886, 870515, 1058997]"
1298,"[874972, 944139, 1003188, 995242, 998558]"
1299,"[12810391, 15926886, 5569327, 8090521, 5591154]"
1300,"[874972, 1058997, 1092026, 9245108, 850058]"
1303,"[906844, 14106445, 997309, 879755, 5591154]"
1304,"[874972, 931324, 1082185, 1029743, 995242]"
1305,"[874972, 982790, 905996, 845193, 1092026]"
1306,"[874972, 1108131, 851146, 7166861, 6602697]"
1307,"[874972, 1137688, 922127, 1006483, 1110572]"
1310,"[874972, 1058997, 5585510, 6034857, 985999]"
1312,"[874972, 1047619, 9803810, 856435, 854852]"
1313,"[874972, 6979803, 1137346, 1048462, 1029743]"
1314,"[1048507, 911974, 6463710, 1102416, 976199]"
1316,"[874972, 1085604, 1082185, 1029743, 995242]"
1317,"[874972, 1138292, 1053690, 827667, 1082185]"
1318,"[874972, 1094223, 999391, 1134161, 845319]"
1319,"[874972, 1122547, 8090440, 1058997, 874149]"
1321,"[947858, 879528, 1119399, 1124695, 888111]"
1325,"[874972, 841309, 945662, 909714, 903325]"
1326,"[874972, 948232, 1110244, 873964, 1056509]"
1328,"[1000753, 8090521, 1048727, 844165, 999779]"
1329,"[874972, 995242, 1082185, 1029743, 995242]"
1330,"[874972, 952317, 1007642, 962229, 856252]"
1331,"[874972, 1031316, 1082185, 1029743, 995242]"
1332,"[874972, 1110572, 826272, 1082185, 1029743]"
1333,"[948670, 993639, 7409670, 1126899, 7433888]"
1334,"[1038663, 5585510, 9396770, 879755, 896974]"
1335,"[874972, 1042571, 1123035, 862349, 1009187]"
1336,"[874972, 831063, 1104414, 856252, 935993]"
1337,"[874972, 954642, 6513604, 923670, 1053690]"
1338,"[874972, 1085604, 934427, 1098284, 952317]"
1340,"[874972, 1097418, 834117, 896085, 819255]"
1342,"[874972, 852080, 949294, 1082185, 1029743]"
1343,"[874972, 822524, 1025581, 1040842, 825994]"
1344,"[874972, 898847, 995242, 1082185, 1138858]"
1346,"[874972, 890610, 1082185, 1029743, 995242]"
1347,"[849202, 935959, 1109805, 934369, 1029743]"
1350,"[12731432, 1077588, 1082185, 1029743, 995242]"
1351,"[874972, 860975, 1133018, 923746, 1082185]"
1352,"[874972, 986912, 892264, 862349, 871722]"
1353,"[12262830, 1092588, 1039156, 1057260, 1092026]"
1354,"[874972, 993638, 1135460, 9527159, 12301109]"
1355,"[12262778, 926905, 1075313, 1009368, 996156]"
1356,"[874972, 1044724, 958729, 862349, 1119051]"
1357,"[874972, 860975, 1082185, 1029743, 995242]"
1358,"[874972, 8090537, 883003, 1092026, 941741]"
1359,"[874972, 12524323, 9677202, 868423, 1056746]"
1360,"[874972, 1101010, 9571047, 988208, 1082185]"
1361,"[874972, 1022428, 867668, 1082185, 1029743]"
1362,"[874972, 1024306, 1082185, 1029743, 995242]"
1363,"[874972, 1029252, 1055737, 1110572, 862010]"
1364,"[874972, 953180, 1095700, 7025106, 1047226]"
1366,"[874972, 1028816, 9396821, 1126899, 1082172]"
1367,"[970866, 1101010, 1018050, 8090536, 1028816]"
1368,"[14106445, 1037332, 1028816, 1070820, 1088147]"
1369,"[12731432, 1028816, 5563693, 1126899, 1119051]"
1370,"[1000753, 1053875, 927238, 971474, 5563693]"
1373,"[874972, 1082185, 1029743, 995242, 1106523]"
1374,"[874972, 1133018, 1093030, 1043590, 951590]"
1375,"[874972, 1070820, 922340, 835243, 956813]"
1376,"[848029, 9884484, 835530, 8090537, 1043766]"
1378,"[874972, 1028816, 7025326, 917407, 909268]"
1379,"[874972, 965772, 1028816, 962229, 862732]"
1380,"[874972, 1115553, 1082185, 1029743, 995242]"
1381,"[874972, 1133018, 1082185, 1029743, 995242]"
1382,"[874972, 1052912, 899624, 1082185, 1029743]"
1383,"[874972, 913210, 12428017, 5585510, 5568249]"
1384,"[874972, 952317, 866211, 1133018, 1031083]"
1385,"[899019, 1037894, 1127758, 1112754, 1122358]"
1387,"[874972, 854133, 1017369, 869047, 844165]"
1388,"[874972, 892221, 862682, 1010190, 5570383]"
1389,"[874972, 884333, 1025641, 1058997, 12263788]"
1390,"[874972, 1085604, 934369, 5569230, 1101010]"
1391,"[938138, 941856, 858302, 965772, 8090532]"
1393,"[904997, 1110572, 1047619, 1126899, 1119051]"
1394,"[874972, 1058997, 893501, 962229, 1119051]"
1395,"[874972, 870428, 1044805, 1058997, 1048462]"
1397,"[874972, 1127624, 1130777, 7410071, 918046]"
1398,"[874972, 1037840, 921836, 913490, 856772]"
1399,"[874972, 5568072, 1082185, 1029743, 995242]"
1401,"[874972, 5592931, 1128464, 1008316, 10149640]"
1402,"[874972, 1106523, 1082185, 1029743, 995242]"
1403,"[874972, 1069979, 1116741, 5569230, 870547]"
1405,"[899019, 5591154, 1082212, 8090537, 1135460]"
1406,"[874972, 8177622, 12731544, 1119051, 1044805]"
1408,"[874972, 1082185, 1029743, 995242, 1106523]"
1409,"[1021324, 1115098, 1003188, 1133018, 908531]"
1410,"[874972, 15926844, 1102959, 871756, 1082185]"
1412,"[874972, 935126, 9835509, 8090539, 1131488]"
1413,"[874972, 9187298, 870547, 1054383, 906262]"
1414,"[874972, 898466, 1081853, 8091550, 921744]"
1417,"[10198378, 1077555, 1077588, 835243, 834117]"
1418,"[874972, 952317, 1048483, 956672, 1112205]"
1419,"[9835223, 856772, 1012587, 1019637, 962229]"
1421,"[874972, 6534035, 934369, 962229, 1053690]"
1423,"[874972, 5981267, 1082185, 1029743, 995242]"
1425,"[874972, 927291, 927360, 1101010, 845193]"
1426,"[956599, 993379, 9676866, 844165, 1039156]"
1427,"[874972, 1074333, 849098, 936914, 1051323]"
1428,"[874972, 868548, 8181477, 844165, 907099]"
1429,"[874972, 851865, 945611, 1058997, 906763]"
1430,"[906844, 6979128, 846764, 1126899, 947798]"
1431,"[874972, 948953, 1110572, 5569230, 1053690]"
1434,"[860248, 957736, 919948, 6979128, 860975]"
1437,"[12810464, 1017201, 1070898, 1093603, 856252]"
1440,"[1000753, 5570408, 1095068, 8090521, 1101173]"
1443,"[906844, 833025, 842140, 9527350, 1082185]"
1445,"[874972, 968936, 5585510, 1119051, 862349]"
1447,"[874972, 1016800, 847049, 12301100, 5569327]"
1450,"[874972, 858373, 1002558, 7409874, 1082185]"
1451,"[874972, 10204488, 857697, 862349, 895295]"
1452,"[1013928, 1058779, 1082185, 1029743, 995242]"
1453,"[874972, 948086, 1013999, 1110572, 1092588]"
1454,"[874972, 909714, 9268695, 1137775, 1045228]"
1457,"[874972, 1133018, 880377, 1038217, 946839]"
1458,"[874972, 887342, 12577242, 976199, 865456]"
1459,"[874972, 1043920, 936355, 830887, 825731]"
1461,"[874972, 972665, 995852, 999779, 5570383]"
1462,"[874972, 6034857, 1098844, 1028816, 1062002]"
1463,"[874972, 10344585, 990981, 1037332, 986912]"
1464,"[938138, 957741, 1119399, 978077, 1093113]"
1465,"[874972, 9859182, 989157, 1082185, 1029743]"
1466,"[874972, 827180, 1082185, 1029743, 995242]"
1467,"[874972, 834103, 951412, 986912, 1127624]"
1470,"[874972, 882604, 13841744, 862349, 5590613]"
1471,"[874972, 862349, 1073150, 908531, 1082185]"
1473,"[874972, 12132648, 867547, 1126899, 1026258]"
1474,"[874972, 5569792, 1061220, 1027068, 1053690]"
1475,"[1048257, 944836, 1042702, 1057260, 1070820]"
1476,"[9677366, 825541, 1081177, 1058997, 1088147]"
1479,"[874972, 944836, 1126899, 977374, 879755]"
1480,"[874972, 1082185, 1029743, 995242, 1106523]"
1481,"[874972, 1110031, 6633273, 8090537, 1067749]"
1483,"[1000753, 1139525, 908181, 944836, 1110572]"
1484,"[874972, 909714, 977344, 944836, 1058997]"
1485,"[1038663, 909714, 888543, 13842214, 1106523]"
1487,"[874972, 916381, 1017472, 5569230, 940947]"
1488,"[874972, 1093603, 5591154, 1126899, 9881593]"
1489,"[849202, 868548, 893501, 965530, 971949]"
1490,"[1000753, 12731436, 1124695, 919589, 1112766]"
1491,"[874972, 1116096, 943076, 1053690, 1125382]"
1492,"[874972, 972312, 1106301, 8090539, 909714]"
1493,"[874972, 908531, 1082185, 1029743, 995242]"
1494,"[874972, 852856, 934948, 1136375, 820321]"
1495,"[874972, 1106301, 9926758, 6534077, 1065593]"
1499,"[14106445, 985999, 12810464, 908318, 1082185]"
1500,"[874972, 862349, 1108131, 1054424, 13115937]"
1501,"[874972, 1093113, 870515, 1070820, 915493]"
1502,"[874972, 944836, 834158, 1042702, 873887]"
1506,"[1000753, 9420312, 1037337, 959985, 979707]"
1507,"[874972, 894439, 1101010, 879755, 13841744]"
1508,"[874972, 940947, 1058997, 951412, 909894]"
1509,"[12810391, 1070076, 1051323, 1029743, 1016800]"
1510,"[874972, 1070820, 862732, 986912, 1085604]"
1511,"[874972, 952317, 862682, 5569471, 824305]"
1512,"[874972, 944139, 968146, 1058997, 925626]"
1513,"[874972, 1119051, 1130029, 903325, 995478]"
1514,"[874972, 820321, 9836460, 1126899, 956672]"
1515,"[1034176, 861445, 986912, 1029504, 1082185]"
1517,"[874972, 960791, 905636, 862349, 5569471]"
1518,"[874972, 962229, 981760, 5585510, 1029743]"
1519,"[874972, 7409670, 1003188, 1070820, 936914]"
1520,"[874972, 995242, 1082185, 1029743, 995242]"
1521,"[874972, 825541, 9420312, 1053690, 999779]"
1523,"[874972, 912451, 851287, 1077555, 995242]"
1524,"[874972, 1062128, 976199, 1126899, 5569374]"
1525,"[904129, 1102927, 912451, 844165, 999779]"
1526,"[874972, 6704207, 1089025, 986912, 6034857]"
1527,"[1108094, 936924, 9859052, 1099164, 872137]"
1528,"[874972, 881154, 9677236, 1075368, 844165]"
1529,"[849202, 6602729, 913210, 1126899, 898847]"
1530,"[874972, 1023720, 907099, 938300, 1082185]"
1531,"[874972, 1000237, 12731436, 9420312, 967395]"
1532,"[874972, 1112205, 1092937, 1056746, 976214]"
1533,"[874972, 919423, 1082185, 1029743, 995242]"
1534,"[874972, 830503, 858918, 1070820, 926905]"
1535,"[874972, 8203451, 1135868, 869047, 1043766]"
1536,"[1069312, 1009046, 1075470, 8090532, 914318]"
1537,"[829291, 1038985, 5592610, 1127470, 934427]"
1539,"[874972, 949294, 999965, 1082185, 1029743]"
1540,"[874972, 993638, 9527350, 8090537, 1093030]"
1541,"[970866, 1094924, 1104343, 1071759, 1028816]"
1542,"[938138, 1097001, 976864, 821083, 896085]"
1543,"[9835223, 1131550, 1139525, 1053690, 821083]"
1545,"[874972, 1106523, 1082185, 1029743, 995242]"
1546,"[874972, 12302069, 1003188, 1053489, 893400]"
1547,"[874972, 1053690, 852360, 995242, 12263788]"
1548,"[1134483, 999625, 885795, 1053690, 965842]"
1549,"[874972, 933060, 837865, 986912, 1122358]"
1550,"[874972, 834103, 923208, 9707137, 922907]"
1552,"[874972, 1019028, 5568729, 997309, 855138]"
1553,"[874972, 845109, 908531, 937791, 990797]"
1555,"[874972, 888054, 1082185, 1029743, 995242]"
1556,"[874972, 858373, 958046, 995242, 880150]"
1557,"[874972, 1028816, 1007269, 1110409, 12263788]"
1558,"[874972, 9420312, 895652, 1030093, 9677202]"
1559,"[874972, 1082990, 1028816, 1053690, 826597]"
1560,"[874972, 835530, 1092937, 1021519, 965766]"
1563,"[874972, 865026, 1089025, 1126899, 9396821]"
1564,"[874972, 1004906, 1082185, 1029743, 995242]"
1566,"[849202, 1028816, 834103, 12262992, 819304]"
1567,"[848029, 862826, 1133018, 1082185, 862682]"
1568,"[1000753, 898847, 1092937, 1051323, 969866]"
1569,"[874972, 995242, 1042616, 1082185, 1029743]"
1570,"[874972, 13842090, 1082185, 1029743, 995242]"
1571,"[874972, 8090509, 981760, 1082185, 1029743]"
1572,"[12262830, 1053690, 1064213, 1058997, 1005274]"
1575,"[874972, 1051516, 1045150, 862349, 1028816]"
1576,"[874972, 1053690, 9487927, 1056746, 995242]"
1577,"[874972, 1038462, 1006483, 1082185, 1029743]"
1578,"[874972, 1110042, 907652, 873203, 1044078]"
1579,"[874972, 871754, 913490, 856252, 1005609]"
1580,"[874972, 882288, 839262, 9707137, 1106301]"
1581,"[874972, 8090536, 893501, 1125391, 1106373]"
1584,"[874972, 7025106, 6553737, 1028891, 1053690]"
1585,"[874972, 1000237, 5568249, 13842090, 1056509]"
1587,"[874972, 1006878, 831509, 1051211, 1082185]"
1588,"[874972, 1113274, 1014509, 901062, 908531]"
1590,"[874972, 6534030, 938849, 1070820, 1028891]"
1591,"[874972, 903567, 837751, 862349, 1093603]"
1592,"[874972, 936924, 899459, 1048727, 1066893]"
1593,"[874972, 1070820, 978906, 962229, 934948]"
1594,"[863762, 906262, 1013999, 5590613, 986912]"
1595,"[874972, 997309, 891961, 1038985, 1110042]"
1596,"[1065538, 892573, 1121384, 921406, 1005274]"
1598,"[1000753, 834103, 862349, 1056509, 965693]"
1599,"[982469, 1053690, 842392, 879755, 1116770]"
1600,"[1075007, 837751, 1132911, 1108131, 960791]"
1602,"[874972, 915493, 850058, 1006483, 1070820]"
1604,"[874972, 1008892, 856772, 832678, 1051211]"
1607,"[874972, 8069350, 5569374, 868764, 1082185]"
1608,"[874972, 862349, 1036501, 928092, 848970]"
1609,"[874972, 964011, 8019977, 6632283, 1055737]"
1611,"[874972, 1065593, 878445, 952317, 1061220]"
1612,"[1048257, 862349, 999104, 1049906, 825541]"
1614,"[874972, 1003188, 999250, 1082185, 1082185]"
1618,"[874972, 1075214, 907418, 862349, 1028473]"
1619,"[874972, 880427, 899624, 1075368, 932179]"
1620,"[874972, 1072523, 1056762, 1110572, 1085604]"
1621,"[874972, 1099164, 910673, 1101010, 1057315]"
1622,"[874972, 10455984, 1125943, 928123, 1037332]"
1623,"[874972, 1054383, 6534035, 948832, 988697]"
1624,"[874972, 929433, 993638, 1082185, 1029743]"
1627,"[874972, 1026118, 905459, 880427, 909714]"
1628,"[874972, 1058997, 1037894, 1074524, 1094619]"
1630,"[1000753, 972312, 954495, 1098284, 865026]"
1631,"[874972, 8090536, 1084597, 967461, 856060]"
1632,"[874972, 1082185, 1029743, 995242, 1106523]"
1633,"[874972, 1028816, 1093603, 1028891, 1101010]"
1634,"[874972, 13008334, 1058930, 947798, 862349]"
1636,"[1029688, 7166861, 1133018, 840601, 967461]"
1637,"[874972, 934399, 1116821, 1039156, 859427]"
1638,"[874972, 882247, 901666, 862349, 1025641]"
1640,"[874972, 1093603, 1061220, 1106523, 1051283]"
1641,"[874972, 1012284, 891405, 1126899, 1076875]"
1642,"[874972, 1104343, 1079067, 1133018, 1051516]"
1643,"[874972, 1085604, 1076875, 1133018, 6463775]"
1644,"[874972, 1082185, 1029743, 995242, 1106523]"
1645,"[874972, 854754, 1137775, 1106091, 1131321]"
1646,"[874972, 1070820, 1082185, 1029743, 995242]"
1647,"[874972, 1082185, 1029743, 995242, 1106523]"
1648,"[874972, 1064755, 998444, 914754, 1011876]"
1649,"[874972, 903325, 1025641, 1133018, 1094924]"
1650,"[874972, 1025611, 950550, 6034964, 6034857]"
1651,"[874972, 1082185, 1029743, 995242, 1106523]"
1652,"[1034176, 1106523, 1066893, 1082185, 1029743]"
1653,"[9835223, 1027835, 969205, 10344585, 10457044]"
1654,"[874972, 887102, 1082185, 1029743, 995242]"
1657,"[874972, 895930, 819978, 1053690, 1106523]"
1658,"[833940, 902856, 966684, 885290, 1039156]"
1659,"[874972, 901062, 922340, 1028816, 10285243]"
1660,"[874972, 1043590, 1082185, 1029743, 995242]"
1662,"[874972, 904422, 1126899, 1055425, 990256]"
1663,"[874972, 1006483, 1004906, 1082185, 1029743]"
1664,"[1000753, 862535, 5574409, 862349, 1139525]"
1665,"[874972, 907099, 1061220, 837751, 995242]"
1666,"[874972, 962229, 1082185, 1029743, 995242]"
1668,"[874972, 1082185, 1029743, 995242, 1106523]"
1669,"[874972, 1019247, 1119405, 1126899, 879506]"
1672,"[874972, 1082185, 1029743, 995242, 1106523]"
1673,"[1013928, 900145, 1106064, 834103, 824005]"
1676,"[874972, 899682, 6034857, 1026258, 1028816]"
1677,"[829291, 895295, 983584, 885290, 888054]"
1680,"[970747, 1082172, 978077, 1126899, 1093030]"
1683,"[874972, 969866, 1088191, 5569471, 9926758]"
1684,"[874972, 995242, 838602, 1073150, 1082185]"
1685,"[874972, 965530, 982360, 1092303, 1135834]"
1686,"[874972, 1038443, 1018740, 986912, 925626]"
1687,"[874972, 971807, 866211, 872137, 1058404]"
1688,"[1029688, 1075368, 1082185, 1029743, 995242]"
1689,"[874972, 1076056, 1082185, 1029743, 995242]"
1690,"[874972, 835004, 928049, 1082185, 1029743]"
1692,"[1048507, 1126899, 863802, 1085604, 826784]"
1693,"[874972, 1070820, 5572738, 1083043, 10455984]"
1694,"[874972, 1085604, 933067, 947798, 852182]"
1695,"[874972, 953320, 1082185, 1029743, 995242]"
1696,"[874972, 822346, 888543, 1082185, 1029743]"
1697,"[874972, 1048483, 844179, 862010, 9836106]"
1698,"[874972, 1112766, 1084331, 827683, 887102]"
1699,"[874972, 910673, 1101173, 986912, 993638]"
1700,"[874972, 876932, 1042942, 908504, 8019716]"
1701,"[874972, 1082185, 5569230, 995242, 1082185]"
1703,"[874972, 1015296, 5570408, 1135868, 1057260]"
1704,"[874972, 883370, 914190, 1082185, 1029743]"
1705,"[874972, 1108131, 947658, 1127758, 986327]"
1706,"[874972, 5590695, 913210, 1133018, 943233]"
1707,"[874972, 5580793, 1100972, 1085604, 13842214]"
1708,"[874972, 1079820, 834826, 1053690, 860975]"
1709,"[874972, 1011300, 862732, 6513604, 1029743]"
1710,"[874972, 952317, 1006342, 1058997, 1065061]"
1712,"[874972, 931136, 1085983, 966005, 1137775]"
1713,"[874972, 1082185, 1029743, 995242, 1106523]"
1715,"[874972, 1082185, 1029743, 995242, 1106523]"
1716,"[874972, 870547, 880895, 1110764, 5568729]"
1717,"[874972, 995242, 899682, 870547, 1046689]"
1718,"[874972, 1019247, 913490, 838797, 947201]"
1719,"[874972, 13842214, 863885, 1085604, 1053690]"
1720,"[874972, 8090532, 1076580, 944836, 1070820]"
1721,"[874972, 1082185, 1029743, 995242, 1106523]"
1722,"[874972, 922340, 887393, 1037332, 1058997]"
1723,"[874972, 832001, 880150, 922561, 1082185]"
1724,"[874972, 8090541, 995965, 5592931, 12262992]"
1726,"[874972, 1062128, 6533936, 10344971, 1051516]"
1728,"[874972, 891505, 1031864, 1082185, 1029743]"
1729,"[1054402, 972312, 1065380, 1082185, 1082185]"
1730,"[874972, 1082185, 1029743, 995242, 1106523]"
1731,"[874972, 1097239, 1056509, 858999, 999639]"
1732,"[874972, 948254, 921504, 1053690, 976199]"
1733,"[874972, 5566472, 894439, 879755, 13842088]"
1734,"[874972, 879755, 1122568, 1082185, 1029743]"
1735,"[874972, 1092588, 13416351, 1075368, 5569230]"
1737,"[874972, 871440, 1013641, 1079292, 962568]"
1738,"[874972, 1085604, 1015296, 1097815, 965766]"
1739,"[874972, 962229, 1053690, 1106523, 1096036]"
1740,"[874972, 862349, 909306, 1075368, 1029112]"
1742,"[874972, 993638, 9419525, 864335, 929018]"
1743,"[874972, 1107553, 940947, 856772, 964520]"
1745,"[874972, 9911484, 1089021, 1085333, 911622]"
1747,"[826666, 825343, 1099089, 1082185, 1029743]"
1748,"[874972, 888835, 1085154, 947798, 1028995]"
1749,"[874972, 8090550, 906763, 1037332, 862349]"
1750,"[874972, 1041259, 909714, 945662, 6514160]"
1751,"[874972, 13190294, 1133018, 1053690, 5569230]"
1752,"[874972, 5590695, 1054383, 1108131, 1065593]"
1753,"[874972, 941741, 1077373, 1082185, 1029743]"
1754,"[874972, 6034857, 970760, 856252, 1129610]"
1755,"[829291, 914318, 9527323, 8090521, 6979753]"
1756,"[874972, 1065593, 952972, 1082185, 1029743]"
1758,"[874972, 1135834, 1074333, 1126899, 908531]"
1759,"[874972, 997907, 1103105, 1049735, 1139782]"
1760,"[874972, 1070820, 906838, 1082185, 1029743]"
1761,"[1013928, 1028473, 1025611, 978077, 1133018]"
1762,"[12731432, 5574377, 858999, 962229, 868548]"
1763,"[874972, 957736, 1037840, 1106523, 1084036]"
1764,"[874972, 819330, 967476, 1075368, 5565925]"
1765,"[829291, 944836, 1058997, 1053690, 873627]"
1766,"[874972, 1112825, 922561, 8090537, 1023958]"
1767,"[874972, 7024830, 1094352, 873627, 982790]"
1768,"[874972, 10457044, 900802, 1003616, 1090676]"
1769,"[12810464, 1080853, 856942, 872137, 1109778]"
1770,"[874972, 1028816, 920367, 960791, 8203451]"
1773,"[874972, 1058404, 12946027, 5569471, 1056509]"
1774,"[874972, 1006483, 822407, 907647, 8090521]"
1775,"[874972, 997988, 1080429, 1037332, 1011300]"
1776,"[874972, 6396581, 840386, 824005, 908531]"
1778,"[874972, 852856, 1082185, 1029743, 995242]"
1779,"[874972, 856166, 862349, 910439, 909894]"
1780,"[874972, 5568197, 1068292, 909714, 1106523]"
1781,"[874972, 10344585, 1112766, 1028816, 901776]"
1783,"[874972, 8273833, 906838, 9835509, 901776]"
1784,"[874972, 934369, 855718, 1126899, 1019247]"
1785,"[874972, 1051781, 1130777, 1131321, 901666]"
1787,"[874972, 10457128, 1000908, 1119051, 995242]"
1788,"[874972, 1098844, 859191, 823775, 845715]"
1789,"[874972, 1133018, 1082185, 1029743, 995242]"
1790,"[874972, 885795, 5569327, 997309, 819978]"
1791,"[948670, 905072, 1009449, 1039156, 995242]"
1792,"[874972, 6534074, 1069003, 1075368, 890695]"
1793,"[974156, 907099, 12782182, 944139, 969866]"
1794,"[874972, 1029252, 820291, 10344585, 5981267]"
1795,"[874972, 831063, 954495, 862349, 1125943]"
1796,"[849202, 8090509, 952317, 1025581, 906262]"
1797,"[874972, 971922, 888054, 1112825, 862349]"
1798,"[874972, 1070820, 1007269, 841309, 847982]"
1800,"[874972, 9859182, 908531, 1082185, 1082185]"
1801,"[874972, 1053754, 859010, 1116635, 1085604]"
1802,"[874972, 856772, 1003487, 885290, 7441210]"
1803,"[939860, 1138292, 5585510, 1022254, 847982]"
1804,"[874972, 986912, 899115, 937626, 913210]"
1805,"[874972, 1082185, 1029743, 995242, 1106523]"
1806,"[874972, 943088, 1126899, 839094, 990004]"
1807,"[874972, 1057260, 1115098, 1058997, 972665]"
1808,"[874972, 949023, 9416729, 863802, 9926758]"
1809,"[874972, 6034857, 1002558, 1039156, 8090509]"
1810,"[874972, 999779, 5570408, 1098284, 9420312]"
1811,"[874972, 960942, 1082185, 1029743, 995242]"
1812,"[836445, 976864, 9527350, 892573, 923208]"
1814,"[874972, 8090509, 912137, 865705, 824005]"
1815,"[829291, 824311, 1017363, 825541, 850058]"
1816,"[1129049, 868548, 932298, 13842088, 1070820]"
1817,"[874972, 868764, 1037863, 1116635, 993466]"
1818,"[874972, 1070820, 869622, 8019716, 1082185]"
1821,"[12810464, 1093603, 12524323, 983584, 5568378]"
1822,"[1038663, 978077, 895166, 830887, 9487927]"
1823,"[848029, 868888, 998119, 1070820, 1083043]"
1824,"[874972, 1125391, 914577, 962229, 862010]"
1826,"[874972, 10204488, 7166861, 824311, 922907]"
1829,"[874972, 919535, 1037863, 8090519, 978343]"
1831,"[874972, 12132648, 873178, 1058997, 909268]"
1832,"[874972, 12731714, 955431, 1058997, 885290]"
1833,"[874972, 6633273, 6633224, 1083446, 1131115]"
1835,"[874972, 1120362, 1061982, 839094, 1058997]"
1836,"[874972, 1011300, 965842, 1058997, 944137]"
1837,"[874972, 1016276, 1003649, 965842, 870428]"
1838,"[874972, 8090536, 935993, 952317, 1123536]"
1839,"[874972, 953180, 1133018, 1025628, 1082185]"
1841,"[874972, 1062572, 978313, 872137, 986912]"
1843,"[917384, 940947, 8090539, 849870, 1080429]"
1844,"[874972, 5570882, 1082185, 1029743, 995242]"
1845,"[874972, 983936, 855325, 1126899, 998119]"
1846,"[874972, 908531, 1082185, 1082185, 1029743]"
1847,"[874972, 831063, 8090537, 862349, 929018]"
1848,"[874972, 5569471, 819840, 986912, 910473]"
1849,"[829291, 1030362, 900586, 6534077, 1046584]"
1850,"[956599, 819978, 985999, 1028816, 862349]"
1853,"[874972, 959179, 819765, 1029743, 981760]"
1854,"[874972, 1082172, 1068957, 862822, 919423]"
1856,"[874972, 8090536, 858999, 1106523, 1037863]"
1857,"[874972, 893501, 1082185, 1029743, 995242]"
1858,"[874972, 8069350, 829323, 1058997, 1044805]"
1861,"[874972, 1093603, 870547, 1108131, 834117]"
1862,"[874972, 847207, 6553737, 1112766, 854852]"
1864,"[874972, 843171, 12301109, 1028473, 1057260]"
1865,"[874972, 907099, 990656, 1098435, 862349]"
1867,"[12810464, 844179, 12810393, 1082185, 1029743]"
1868,"[1000753, 856060, 1127758, 1106301, 978077]"
1869,"[848029, 856252, 1089025, 1058997, 7025114]"
1871,"[874972, 826144, 15831255, 1082185, 1082185]"
1872,"[874972, 1036501, 993466, 1058997, 6533362]"
1873,"[874972, 1011578, 10204487, 926905, 962229]"
1876,"[874972, 1085604, 995242, 980823, 15926844]"
1877,"[874972, 960791, 8090440, 1082185, 1029743]"
1879,"[874972, 1085778, 1002850, 1070803, 922561]"
1880,"[899019, 910673, 840601, 1089766, 1061220]"
1881,"[874972, 861419, 852360, 995242, 1070845]"
1882,"[874972, 962229, 860975, 912451, 5569230]"
1883,"[874972, 1138189, 858439, 8090521, 865705]"
1884,"[1075007, 1082185, 1029743, 995242, 1106523]"
1885,"[874972, 1082185, 1029743, 995242, 1106523]"
1886,"[874972, 1041259, 1082185, 1029743, 995242]"
1887,"[874972, 878996, 866211, 904422, 1082185]"
1889,"[874972, 944836, 878637, 865456, 914190]"
1890,"[874972, 833025, 885406, 1058997, 1119051]"
1891,"[874972, 1066289, 1082185, 1029743, 995242]"
1892,"[874972, 856252, 1059902, 1021116, 885290]"
1895,"[10198378, 819765, 835618, 1133018, 976864]"
1896,"[874972, 1026209, 7024830, 1101010, 12263788]"
1898,"[874972, 1104414, 6633224, 1057260, 970119]"
1899,"[874972, 1095374, 839656, 1122358, 985893]"
1900,"[874972, 865026, 993466, 1037332, 898847]"
1901,"[14106445, 921836, 907128, 819927, 9832070]"
1903,"[874972, 1031831, 5569327, 917033, 1079223]"
1904,"[874972, 998556, 1082185, 1029743, 995242]"
1906,"[12810391, 12524323, 1034955, 1107553, 824005]"
1907,"[12810391, 1037840, 8090509, 1057260, 1028816]"
1909,"[874972, 6553737, 1082185, 1029743, 995242]"
1911,"[874972, 997907, 1132968, 1115098, 819927]"
1912,"[938138, 902094, 1082212, 5585510, 1038217]"
1914,"[948670, 892573, 894439, 1082185, 1029743]"
1916,"[874972, 983936, 999581, 6979427, 940700]"
1917,"[874972, 8203451, 1056509, 12263788, 829722]"
1918,"[874972, 1058997, 1082185, 1029743, 995242]"
1919,"[904129, 860975, 1067749, 1065593, 913210]"
1920,"[874972, 998444, 990688, 862349, 1019643]"
1922,"[874972, 1045586, 1077410, 862349, 1082185]"
1923,"[874972, 1053690, 835595, 1119051, 880427]"
1924,"[874972, 9396705, 1019247, 965772, 983584]"
1925,"[874972, 1042942, 1082185, 1029743, 995242]"
1926,"[874972, 901062, 1077555, 884333, 1037631]"
1927,"[9835223, 1084597, 921614, 890695, 1134379]"
1928,"[874972, 862349, 1085604, 908531, 908504]"
1929,"[874972, 8090537, 891752, 1101010, 5574409]"
1930,"[874972, 971922, 5585510, 5569471, 9553382]"
1931,"[12262830, 12524323, 1096317, 1067749, 1089021]"
1932,"[874972, 853172, 852856, 1082185, 1029743]"
1935,"[874972, 912704, 1126899, 999104, 986912]"
1936,"[874972, 940947, 957411, 962229, 926905]"
1937,"[874972, 1049906, 1094924, 962229, 1028816]"
1939,"[874972, 5568729, 932863, 879755, 896085]"
1940,"[874972, 848970, 939636, 1082185, 1026118]"
1941,"[874972, 8090509, 910473, 1133018, 1044078]"
1942,"[1021324, 910473, 6534074, 1110572, 5585510]"
1943,"[874972, 1011300, 907128, 898601, 5568489]"
1944,"[14106445, 9677886, 922340, 1070820, 10344585]"
1945,"[874972, 1082185, 1029743, 995242, 1106523]"
1946,"[874972, 1029624, 929726, 10344585, 1082185]"
1947,"[874972, 9396705, 880427, 1126899, 919423]"
1948,"[874972, 902167, 961554, 1119051, 916993]"
1949,"[874972, 1043590, 969866, 1133018, 9527159]"
1950,"[874972, 922907, 1133018, 1044078, 866528]"
1951,"[874972, 1082185, 1029743, 995242, 1106523]"
1952,"[1000753, 1008814, 1127624, 1126895, 834117]"
1953,"[874972, 15926886, 832678, 1119051, 986912]"
1954,"[1129049, 1037840, 1112754, 1028816, 995965]"
1955,"[874972, 890283, 1055504, 873902, 913270]"
1956,"[970866, 1023226, 865528, 834117, 1044078]"
1957,"[874972, 908531, 1008892, 995242, 8177622]"
1958,"[874972, 1082185, 1029743, 995242, 1106523]"
1959,"[874972, 1082185, 1029743, 995242, 1106523]"
1960,"[874972, 13842214, 1040346, 862349, 9835509]"
1961,"[874972, 1049735, 909714, 1037840, 5569327]"
1962,"[874972, 13008334, 1046584, 1076580, 833724]"
1963,"[874972, 959985, 9913338, 862349, 5569471]"
1964,"[874972, 1012913, 999965, 984715, 1002771]"
1965,"[874972, 1053690, 856772, 1003188, 9859182]"
1966,"[956599, 1039287, 878442, 1109014, 1082185]"
1967,"[874972, 898847, 1122358, 916993, 959985]"
1968,"[874972, 7410215, 926065, 989157, 995242]"
1969,"[874972, 8090536, 908531, 858999, 844165]"
1970,"[874972, 1092026, 1082185, 1029743, 995242]"
1971,"[874972, 945805, 9859052, 1034955, 916381]"
1975,"[874972, 1026209, 1115576, 5574377, 883003]"
1976,"[874972, 851819, 1053754, 1019637, 1110572]"
1978,"[1000753, 879506, 867469, 1059236, 981086]"
1979,"[874972, 1082185, 1082185, 1029743, 995242]"
1981,"[874972, 1133018, 1131550, 1037332, 921836]"
1982,"[874972, 1082185, 1029743, 995242, 1106523]"
1983,"[874972, 862010, 869622, 5569230, 1038462]"
1985,"[874972, 12949855, 1013703, 842707, 871440]"
1987,"[874972, 1058997, 947797, 932298, 907625]"
1988,"[874972, 854754, 912451, 935578, 828331]"
1989,"[970747, 984715, 1062002, 1081189, 10284946]"
1990,"[874972, 870515, 12263788, 1067749, 856942]"
1991,"[874972, 1082185, 1029743, 995242, 1106523]"
1992,"[874972, 950894, 1030981, 1082185, 1029743]"
1993,"[874972, 1105623, 822407, 1065593, 1133018]"
1994,"[874972, 953180, 1070820, 1102067, 909249]"
1995,"[12812261, 1046756, 6602697, 9677236, 1088147]"
1996,"[874972, 854852, 1082185, 1058997, 12427353]"
1997,"[874972, 8090536, 1138189, 1110572, 1058997]"
1998,"[12262830, 1097635, 1089021, 1053690, 827683]"
1999,"[874972, 925626, 911470, 995242, 1109948]"
2000,"[874972, 1082185, 1029743, 995242, 1106523]"
2001,"[874972, 9677236, 866211, 1082185, 1010424]"
2003,"[874972, 7410071, 9878513, 1058997, 10344585]"
2004,"[874972, 1007269, 6513604, 823775, 8177622]"
2005,"[874972, 835595, 921836, 1029112, 1098910]"
2006,"[829291, 1125382, 827667, 893501, 5569471]"
2007,"[874972, 934399, 1093966, 868548, 1092303]"
2008,"[874972, 1082990, 12384365, 1126899, 885290]"
2010,"[874972, 962229, 13115579, 840601, 6534480]"
2011,"[874972, 1137775, 921504, 893501, 1110218]"
2012,"[874972, 997011, 927360, 845193, 827047]"
2014,"[836445, 856060, 908531, 856252, 1043766]"
2015,"[12262830, 1104604, 995242, 905436, 1044188]"
2016,"[874972, 1108131, 1127624, 1085983, 846823]"
2017,"[14106445, 894968, 1055504, 1126899, 819330]"
2018,"[848029, 7410071, 849003, 1028816, 1015296]"
2019,"[12810391, 1058997, 6533362, 1085604, 1011300]"
2020,"[948670, 1077588, 1134522, 986912, 1038985]"
2021,"[874972, 985911, 951590, 1082185, 1029743]"
2022,"[874972, 1122568, 10344586, 8293385, 841309]"
2023,"[874972, 1107553, 1082185, 1029743, 995242]"
2025,"[874972, 908636, 993638, 908318, 1116476]"
2026,"[874972, 1073150, 13842088, 978077, 925626]"
2027,"[887474, 879755, 1023958, 885290, 878445]"
2028,"[874972, 9677236, 883068, 8090509, 995242]"
2029,"[982469, 863529, 1119830, 892728, 1133018]"
2030,"[874972, 1031083, 1052512, 8090440, 1081177]"
2031,"[874972, 959985, 1127758, 878445, 863802]"
2032,"[1129049, 1096635, 1042438, 1082185, 1029743]"
2033,"[874972, 999104, 5564526, 983936, 1127758]"
2034,"[874972, 947798, 983584, 1058997, 1088147]"
2036,"[874972, 893018, 857503, 1126899, 944836]"
2037,"[874972, 1059347, 876932, 1070820, 1110142]"
2038,"[906844, 923670, 972931, 921504, 839346]"
2039,"[874972, 8090509, 835243, 1037840, 1085604]"
2040,"[874972, 5592931, 1082185, 1029743, 995242]"
2041,"[848029, 6632283, 8160430, 1008814, 940947]"
2042,"[874972, 1007269, 902172, 1137775, 1000237]"
2043,"[874972, 5568489, 978077, 894439, 1106301]"
2046,"[874972, 1082185, 1029743, 995242, 1106523]"
2047,"[874972, 9835509, 894968, 901062, 825365]"
2048,"[874972, 958067, 1075368, 1106523, 1082185]"
2049,"[874972, 898847, 865705, 908531, 1122876]"
2050,"[1000753, 830015, 1075214, 1101010, 8090521]"
2055,"[1048257, 5569374, 942792, 1097661, 903233]"
2056,"[874972, 959985, 1122568, 962229, 8090521]"
2057,"[874972, 1058404, 835098, 936924, 900802]"
2058,"[874972, 834103, 824005, 1011926, 859427]"
2059,"[1129049, 8090541, 1065593, 1058997, 896085]"
2060,"[874972, 6464165, 1022097, 999858, 12810393]"
2062,"[874972, 862349, 852360, 831712, 1082185]"
2063,"[874972, 1076580, 1021715, 862349, 975633]"
2064,"[968072, 823775, 1093413, 13842090, 916993]"
2065,"[1000753, 6534480, 1051323, 1037840, 9881593]"
2068,"[874972, 1058997, 868764, 873887, 15926886]"
2070,"[1000753, 1037894, 862822, 13842214, 926905]"
2071,"[874972, 6534077, 1082185, 1029743, 995242]"
2072,"[874972, 1076195, 1077555, 998444, 975092]"
2075,"[874972, 1110572, 1135868, 1006483, 919423]"
2076,"[874972, 969866, 1105917, 1028816, 1058997]"
2077,"[874972, 997309, 9245106, 1082185, 1106523]"
2079,"[1021324, 1117514, 1028816, 969932, 5585510]"
2080,"[848029, 936355, 1009368, 8090521, 856252]"
2081,"[874972, 959985, 1040842, 847049, 9420312]"
2082,"[874972, 933067, 936355, 1053690, 1110409]"
2083,"[848029, 1048068, 913278, 13842090, 1058997]"
2084,"[874972, 1106073, 1031083, 862349, 1110142]"
2085,"[1038663, 935993, 1003188, 983795, 962229]"
2086,"[948670, 12171656, 937626, 1107553, 868764]"
2087,"[948670, 839094, 926065, 1037332, 10455984]"
2088,"[874972, 13842214, 1110572, 893501, 13008321]"
2089,"[874972, 1126899, 1082185, 1029743, 995242]"
2090,"[874972, 1007512, 7410290, 1039156, 995242]"
2091,"[874972, 944836, 1003188, 1029743, 1094955]"
2094,"[939860, 992622, 883202, 862349, 1092588]"
2095,"[874972, 1069039, 900370, 892573, 986912]"
2099,"[874972, 863529, 935284, 1010190, 831390]"
2100,"[874972, 972312, 960791, 1101174, 944534]"
2101,"[874972, 6534035, 1122358, 983584, 1101010]"
2102,"[12262778, 973693, 965842, 1028473, 962229]"
2103,"[874972, 986912, 15831255, 1057260, 1082185]"
2105,"[874972, 953104, 921836, 1133018, 884774]"
2108,"[874972, 896085, 15926886, 1038217, 923746]"
2109,"[874972, 1037631, 963727, 933067, 950894]"
2110,"[874972, 9268695, 1018050, 6034857, 909268]"
2111,"[874972, 1058997, 1082185, 1029743, 995242]"
2112,"[874972, 862822, 1128240, 1058997, 901062]"
2114,"[968072, 1082185, 1087386, 885290, 986912]"
2115,"[874972, 944836, 1076875, 1070820, 834158]"
2116,"[874972, 13842214, 1010190, 1019643, 12263788]"
2119,"[12731432, 1029112, 1017472, 1099905, 895268]"
2120,"[874972, 1082185, 1029743, 995242, 1106523]"
2121,"[874972, 958208, 821695, 1057260, 862349]"
2122,"[874972, 1058997, 1003616, 952317, 1082212]"
2123,"[874972, 1101010, 932179, 940947, 824180]"
2124,"[14106445, 1096635, 819308, 1126899, 1062002]"
2125,"[833940, 9655528, 856790, 940947, 952408]"
2126,"[874972, 983078, 841309, 1028816, 868764]"
2129,"[948670, 5565925, 1133877, 931777, 5569471]"
2130,"[1110111, 982790, 1011832, 1037840, 947798]"
2131,"[874972, 6979579, 1125123, 986912, 9268695]"
2132,"[874972, 900842, 907392, 9884698, 1104414]"
2133,"[874972, 925112, 894447, 1126899, 909268]"
2134,"[874972, 1082185, 1029743, 995242, 1106523]"
2135,"[874972, 7025114, 824005, 889912, 922127]"
2136,"[860248, 1126899, 944836, 834158, 5569471]"
2137,"[874972, 1095100, 863447, 5585510, 860975]"
2138,"[874972, 844165, 1029743, 1082185, 1029743]"
2139,"[874972, 863802, 1082185, 1029743, 995242]"
2141,"[874972, 1113141, 1067606, 1070820, 977481]"
2142,"[1000753, 986912, 1116020, 6533362, 6704207]"
2145,"[874972, 1082185, 1029743, 995242, 1106523]"
2146,"[874972, 1029743, 1082185, 1029743, 995242]"
2147,"[874972, 9836460, 979566, 1028816, 909750]"
2148,"[874972, 1133018, 1101010, 5569230, 1139471]"
2149,"[849202, 995242, 12810464, 923746, 1082185]"
2151,"[874972, 1067606, 837647, 1065593, 1003188]"
2153,"[874972, 962229, 888054, 870547, 1077555]"
2154,"[874972, 8090536, 850058, 891542, 919589]"
2155,"[874972, 1077359, 825343, 935968, 1052912]"
2156,"[874972, 5570383, 1000237, 1122358, 913210]"
2158,"[874972, 12524323, 961846, 862349, 1116770]"
2159,"[874972, 8090537, 1133018, 841266, 934676]"
2160,"[1000753, 1082185, 1029743, 995242, 1106523]"
2161,"[874972, 1138443, 837270, 1126899, 1053690]"
2162,"[874972, 1031831, 999965, 6395907, 847241]"
2163,"[874972, 862349, 1082185, 1029743, 995242]"
2167,"[874972, 5568721, 1043301, 1106523, 1082185]"
2168,"[874972, 952317, 950894, 8090521, 916381]"
2169,"[874972, 926065, 1082185, 1029743, 995242]"
2170,"[1013928, 847573, 834491, 1082185, 1029743]"
2171,"[874972, 1024731, 999104, 983078, 1023196]"
2172,"[874972, 1075074, 6034966, 1047769, 1110142]"
2173,"[874972, 992622, 1046584, 8273833, 940700]"
2174,"[874972, 1125278, 1130777, 1082185, 1029743]"
2175,"[874972, 7409664, 1082185, 1029743, 995242]"
2176,"[874972, 851287, 941741, 6534077, 5569327]"
2179,"[874972, 951412, 1128464, 879808, 1082185]"
2181,"[874972, 1012284, 819765, 1101010, 862799]"
2182,"[874972, 1011300, 993638, 1082185, 1029743]"
2183,"[874972, 834158, 1063739, 1028816, 970119]"
2184,"[874972, 1006483, 1134161, 1073150, 1053690]"
2185,"[874972, 5566472, 953180, 1111786, 839656]"
2186,"[1029688, 986912, 1000753, 8090521, 1135552]"
2188,"[874972, 837751, 911470, 1042702, 1101010]"
2189,"[874972, 866211, 1081177, 913210, 1082185]"
2190,"[874972, 5568197, 843756, 962229, 1039156]"
2193,"[874972, 1083446, 833724, 1070820, 923789]"
2194,"[874972, 1137775, 906262, 865026, 1062128]"
2195,"[874972, 1082185, 1029743, 995242, 1106523]"
2196,"[874972, 1053690, 999104, 1082185, 995242]"
2197,"[874972, 1039156, 866043, 879504, 950206]"
2198,"[849202, 1005274, 1082172, 13842214, 862349]"
2199,"[874972, 8273950, 923789, 1101010, 934369]"
2200,"[874972, 12132648, 6534035, 1102416, 931777]"
2202,"[874972, 6034857, 1010424, 938300, 1095100]"
2203,"[874972, 6534077, 1060705, 819927, 1069334]"
2204,"[1013928, 902167, 1056212, 844165, 10457128]"
2205,"[874972, 882247, 1012941, 938849, 1082185]"
2206,"[874972, 1059347, 877337, 1029743, 1082185]"
2207,"[874972, 969866, 1070272, 986912, 972931]"
2208,"[1082627, 819978, 944137, 8090532, 962229]"
2209,"[874972, 1009187, 890695, 1016709, 868015]"
2211,"[874972, 845715, 1039156, 6533936, 1058997]"
2212,"[874972, 1092026, 1000736, 1082185, 1029743]"
2213,"[874972, 13190294, 1036139, 9268695, 1052912]"
2214,"[874972, 8090536, 1137775, 1029743, 1110764]"
2215,"[874972, 1067695, 890610, 5585510, 1133018]"
2217,"[874972, 901062, 8293439, 862349, 1028816]"
2221,"[874972, 8177622, 842392, 1058997, 7409918]"
2222,"[874972, 973916, 1116821, 922127, 5568729]"
2223,"[874972, 1133018, 5568197, 1082185, 1029743]"
2224,"[970866, 7409874, 907418, 862349, 1131488]"
2225,"[1110111, 6979545, 1075074, 873887, 1046756]"
2226,"[874972, 1082185, 1029743, 995242, 1106523]"
2228,"[1134483, 1050741, 1082185, 1082185, 1029743]"
2229,"[899019, 1028816, 1038443, 862349, 965772]"
2231,"[874972, 930917, 885023, 1126899, 993466]"
2233,"[874972, 1051468, 887219, 1058997, 971922]"
2234,"[848029, 936355, 953180, 915493, 854754]"
2235,"[874972, 830156, 9527184, 857130, 1128698]"
2237,"[849202, 12648296, 1105623, 6533936, 1116821]"
2238,"[874972, 991592, 854900, 851676, 979707]"
2239,"[874972, 975649, 1092026, 1085604, 1127624]"
2240,"[874972, 7409670, 1110244, 1082185, 1029743]"
2241,"[874972, 1031083, 830887, 1077588, 1128240]"
2243,"[12810391, 1070820, 885290, 1008814, 1053690]"
2244,"[874972, 8090521, 7166861, 962229, 1138189]"
2245,"[836445, 9677236, 1106301, 845193, 984715]"
2247,"[1034176, 1051323, 1082212, 872137, 1000753]"
2248,"[1108094, 897752, 951197, 960613, 1082185]"
2250,"[874972, 868546, 1094955, 846764, 957063]"
2252,"[1134483, 1101010, 822346, 977545, 893501]"
2253,"[874972, 1082185, 1029743, 995242, 1106523]"
2256,"[874972, 1082185, 1029743, 995242, 1106523]"
2257,"[874972, 1104349, 1106523, 1082185, 1029743]"
2258,"[833940, 1082185, 1029743, 995242, 1106523]"
2259,"[917384, 910673, 1014238, 1106523, 925364]"
2260,"[874972, 6534077, 13842214, 954642, 835098]"
2261,"[826666, 943286, 1046587, 1037840, 926905]"
2262,"[874972, 1127338, 1062782, 1019247, 989249]"
2263,"[874972, 12946027, 988208, 1038462, 1061220]"
2264,"[833940, 931608, 1010424, 1126899, 5566472]"
2266,"[1054402, 1070820, 854754, 1107553, 1028816]"
2267,"[874972, 1037332, 1088147, 1126899, 913210]"
2269,"[874972, 1053690, 1120928, 995876, 963971]"
2270,"[874972, 1021715, 937791, 1106301, 819927]"
2271,"[874972, 1082212, 890610, 995242, 1082185]"
2272,"[874972, 9677236, 941741, 1040807, 827656]"
2273,"[874972, 899624, 1028950, 880427, 1029743]"
2274,"[829291, 1102416, 862010, 1028816, 1009449]"
2275,"[1134483, 904813, 1084597, 1053690, 952317]"
2276,"[874972, 890695, 7410071, 9487927, 1065593]"
2277,"[874972, 957741, 1064755, 1053690, 8090537]"
2278,"[874972, 1011300, 915493, 6979545, 1030409]"
2279,"[874972, 1108168, 1082185, 1029743, 995242]"
2280,"[874972, 842140, 1022254, 1082990, 862349]"
2281,"[874972, 1039156, 882247, 1046756, 1080853]"
2282,"[874972, 13071902, 1041259, 1070820, 874149]"
2283,"[874972, 6533608, 7410071, 1070820, 1085604]"
2284,"[874972, 1094924, 1046584, 1044259, 944836]"
2285,"[874972, 8293439, 824005, 5568249, 903325]"
2287,"[874972, 968936, 1082185, 1029743, 995242]"
2288,"[874972, 8293447, 1082185, 1029743, 995242]"
2289,"[874972, 1053690, 825703, 913210, 950894]"
2290,"[874972, 1085604, 1082185, 1029743, 995242]"
2291,"[874972, 6979427, 1032950, 1082185, 1029743]"
2292,"[874972, 1077555, 5569327, 995242, 1039156]"
2293,"[874972, 1106523, 906262, 6391381, 835243]"
2294,"[874972, 5569230, 1082185, 1029743, 995242]"
2295,"[874972, 8090532, 9333734, 978077, 993592]"
2296,"[12262978, 15926886, 819978, 9245108, 856252]"
2297,"[874972, 1133018, 1009449, 1082185, 1082185]"
2298,"[826666, 7168026, 1012587, 948832, 961269]"
2299,"[14106445, 1093603, 1009046, 936914, 1091858]"
2300,"[874972, 1031831, 1021715, 10344585, 8273833]"
2301,"[874972, 962229, 1110031, 995242, 1053176]"
2302,"[874972, 873964, 856252, 868764, 977545]"
2303,"[874972, 1110764, 907631, 1082185, 998119]"
2305,"[874972, 10204488, 970760, 1069039, 919589]"
2307,"[874972, 901062, 834117, 1008814, 12524323]"
2308,"[874972, 1070820, 1028816, 1098844, 878996]"
2310,"[874972, 1082185, 1029743, 995242, 1106523]"
2312,"[874972, 1019643, 1047226, 1070820, 880310]"
2314,"[874972, 872137, 969866, 1131488, 965693]"
2315,"[874972, 961979, 1082185, 1029743, 995242]"
2317,"[829291, 994223, 1028816, 819330, 971922]"
2319,"[874972, 1082185, 1029743, 995242, 1106523]"
2322,"[970866, 1106064, 999563, 1044259, 1110409]"
2323,"[14106445, 834103, 1039156, 907647, 1139827]"
2324,"[874972, 1119051, 1076875, 1057260, 934369]"
2325,"[874972, 863885, 872137, 883932, 1082185]"
2328,"[970747, 972931, 9268695, 1082990, 944836]"
2330,"[874972, 846764, 855325, 1126899, 947316]"
2331,"[874972, 1070820, 868548, 856252, 940947]"
2333,"[874972, 978974, 5570408, 862349, 822965]"
2334,"[874972, 831063, 868548, 1075368, 1036501]"
2335,"[874972, 923208, 1026209, 860975, 959985]"
2336,"[874972, 1135552, 12757316, 909396, 5585510]"
2337,"[874972, 951412, 1064755, 1067695, 846823]"
2338,"[874972, 857554, 989409, 8090532, 1058997]"
2339,"[874972, 916381, 1082185, 1029743, 995242]"
2340,"[1075007, 1138189, 952317, 1082172, 1084597]"
2341,"[874972, 924531, 844165, 1106523, 919948]"
2342,"[874972, 950894, 979707, 1016800, 995242]"
2343,"[874972, 840601, 1061982, 1110244, 819978]"
2344,"[874972, 1037863, 15926886, 5585510, 837865]"
2345,"[1034176, 9835509, 831712, 6534030, 1102959]"
2347,"[874972, 842930, 1009187, 8090521, 1134522]"
2349,"[874972, 1082185, 1029743, 995242, 1106523]"
2350,"[874972, 891542, 8205218, 835004, 944466]"
2351,"[12810391, 862349, 932179, 1049735, 1048727]"
2352,"[874972, 1061220, 916381, 1133018, 1048462]"
2354,"[874972, 10285141, 999250, 964011, 1082185]"
2359,"[874972, 1095040, 1097815, 7167945, 1038217]"
2360,"[874972, 845307, 834117, 1107553, 12171656]"
2361,"[874972, 989824, 970030, 863885, 1135552]"
2363,"[874972, 1058997, 871440, 1119405, 951412]"
2364,"[874972, 1082185, 1029743, 995242, 1106523]"
2366,"[849202, 843898, 931671, 1026334, 1134522]"
2368,"[874972, 856252, 924427, 1056509, 977545]"
2369,"[874972, 1039156, 1055504, 12263788, 1101010]"
2370,"[860248, 10344585, 977481, 1110409, 862349]"
2372,"[874972, 1133018, 1042438, 1082185, 1029743]"
2373,"[874972, 838602, 1029743, 1082185, 1029743]"
2374,"[970866, 1030362, 7025114, 1073150, 862349]"
2375,"[848029, 1092937, 903325, 1036501, 6034857]"
2376,"[874972, 1043787, 879506, 1101010, 916993]"
2377,"[874972, 1134522, 925164, 1082185, 1029743]"
2378,"[9677366, 956813, 916758, 9527323, 1129576]"
2379,"[874972, 1058997, 1128016, 843756, 7139529]"
2380,"[874972, 5585510, 1133018, 845109, 1064755]"
2381,"[874972, 1009719, 819304, 1106073, 6979427]"
2385,"[874972, 8090521, 1115553, 931255, 1034955]"
2386,"[874972, 1093334, 1056746, 1082185, 1029743]"
2387,"[874972, 917033, 1082185, 1029743, 995242]"
2388,"[874972, 1102416, 860975, 1131344, 908531]"
2389,"[874972, 913210, 982790, 871754, 995242]"
2392,"[874972, 844179, 1082185, 1029743, 995242]"
2393,"[938138, 1013389, 7409874, 847207, 1075313]"
2394,"[874972, 1082185, 1029743, 995242, 1106523]"
2395,"[874972, 1134522, 1045150, 8090537, 923746]"
2397,"[874972, 5569230, 13877192, 1112825, 865026]"
2399,"[974156, 986912, 1082185, 1029743, 995242]"
2400,"[874972, 907099, 907128, 1138189, 838186]"
2401,"[848029, 1037863, 1133018, 5585510, 1082185]"
2404,"[874972, 1058997, 908181, 1048068, 909714]"
2405,"[874972, 934399, 1031831, 936914, 962229]"
2406,"[970747, 934172, 1006878, 978343, 1053690]"
2407,"[12731432, 917033, 819765, 1039156, 967476]"
2408,"[874972, 866211, 1121213, 921504, 908318]"
2410,"[874972, 6534480, 1133018, 1037840, 997821]"
2412,"[1013928, 940947, 833940, 1053690, 983584]"
2416,"[874972, 1079023, 12946027, 1058997, 1139782]"
2418,"[874972, 908531, 9677202, 1029743, 8090539]"
2420,"[874972, 1070803, 888543, 835243, 1106523]"
2421,"[874972, 944836, 903567, 934369, 881154]"
2424,"[874972, 12731714, 1069003, 962229, 1019643]"
2425,"[1021324, 1101173, 7168383, 1085604, 999104]"
2426,"[874972, 1009187, 1029743, 844165, 1043494]"
2427,"[1048507, 8090546, 5563693, 1058997, 856252]"
2429,"[874972, 1138189, 882288, 1122358, 1118533]"
2431,"[874972, 13841744, 919948, 918046, 1038217]"
2434,"[874972, 880895, 1082185, 1029743, 995242]"
2435,"[12810391, 1089766, 891505, 868539, 882109]"
2437,"[874972, 1127716, 825703, 5569374, 969941]"
2438,"[919766, 1043494, 1128016, 1107553, 968936]"
2439,"[874972, 1082185, 1082185, 1029743, 995242]"
2440,"[874972, 1069621, 1081262, 1112754, 956486]"
2441,"[874972, 854496, 864774, 1023958, 995242]"
2442,"[874972, 9859112, 1082185, 1029743, 995242]"
2445,"[1013928, 932298, 895930, 1039156, 985893]"
2446,"[874972, 1121360, 962229, 1044259, 963868]"
2447,"[874972, 13842088, 832678, 1107553, 868764]"
2448,"[1054402, 1125943, 7166861, 5585510, 12648296]"
2449,"[1134483, 908318, 979057, 1058997, 872137]"
2450,"[874972, 850058, 906763, 879528, 1133877]"
2451,"[874972, 1058997, 1076580, 960732, 1082185]"
2452,"[874972, 5570408, 1135681, 949023, 1108131]"
2453,"[948670, 5569792, 1005456, 1062128, 862349]"
2455,"[948670, 5981074, 1089025, 983795, 1102416]"
2456,"[874972, 1082212, 990004, 912902, 5568228]"
2457,"[874972, 1137775, 995242, 1082185, 1082185]"
2458,"[874972, 7025106, 907099, 1058997, 1012913]"
2459,"[874972, 948495, 832001, 862349, 916758]"
2460,"[874972, 898510, 1063739, 1082990, 5569792]"
2461,"[874972, 872137, 1102067, 1058997, 1098844]"
2462,"[970747, 1135044, 963971, 8293343, 6034857]"
2464,"[874972, 1082185, 1029743, 995242, 1106523]"
2465,"[874972, 6904666, 1037340, 10344585, 986912]"
2466,"[836445, 907392, 1051323, 857130, 1122358]"
2467,"[874972, 12171656, 844165, 1058997, 831063]"
2470,"[874972, 1082185, 1029743, 995242, 1106523]"
2471,"[874972, 5587656, 991435, 1058997, 1048068]"
2472,"[874972, 1053690, 9677202, 1026118, 7025094]"
2475,"[1110111, 1135552, 9835509, 862349, 5569471]"
2477,"[874972, 1028816, 835004, 1058997, 1119051]"
2478,"[874972, 8090532, 6979128, 823775, 1125391]"
2479,"[874972, 1055425, 826144, 909714, 819927]"
2481,"[1048507, 9245108, 898601, 823775, 1056509]"
2482,"[848029, 10285141, 847066, 850102, 851287]"
2483,"[12810391, 838797, 824305, 6533936, 1070820]"
2484,"[878715, 1101010, 835243, 1106301, 913210]"
2485,"[874972, 862349, 1031864, 976214, 990797]"
2486,"[874972, 1104584, 1004390, 1134522, 5569845]"
2488,"[874972, 873964, 1012913, 821083, 966005]"
2489,"[874972, 932298, 8019716, 828867, 1082185]"
2492,"[874972, 996009, 835243, 986912, 1053690]"
2494,"[829291, 10344585, 880427, 862349, 969932]"
2496,"[829291, 1128240, 992933, 5569230, 1127624]"
2497,"[874972, 1082185, 1029743, 995242, 1106523]"
2498,"[874972, 1076875, 920109, 1082185, 1029743]"
2499,"[829291, 1089766, 892221, 1070820, 833458]"
2500,"[874972, 828143, 1011046, 1058997, 6534030]"
